District,Overall Risk Indicator,Historical Burden Band,Overall Trend Change %,Top 1 Crime,Top 1 Indicator,Top 1 Trend %,Top 1 Preventive Focus,Top 2 Crime,Top 2 Indicator,Top 2 Trend %,Top 2 Preventive Focus,Top 3 Crime,Top 3 Indicator,Top 3 Trend %,Top 3 Preventive Focus
Kanpur Nagar,87.7,Higher Historical Burden,73.4,Kidnapping_Abduction,100.0,47.0,Strengthen missing-person reporting and response mechanisms | Increase safety awareness in transport and public spaces | Improve community-level monitoring and timely reporting,Cruelty_by_Husband_or_his_Relatives,98.7,87.4,Improve access to domestic-violence support services | Strengthen confidential reporting and legal assistance | Promote early intervention and support networks,Dowry_Deaths,97.3,30.4,Strengthen awareness and reporting related to dowry violence | Improve access to legal and social support services | Promote early reporting of domestic violence and threats
Allahabad,87.3,Higher Historical Burden,70.8,Insult_to_modesty_of_Women,98.7,,Strengthen harassment reporting mechanisms | Increase awareness and institutional support | Improve safety and grievance-response systems,Rape,97.3,109.6,Improve access to survivor support and reporting services | Strengthen safety measures in public and institutional spaces | Increase awareness of emergency and support mechanisms,Assault_to_outrage_her_modesty,97.3,291.1,Improve safety measures in public spaces | Strengthen complaint and reporting mechanisms | Increase awareness around harassment and personal safety
Ghaziabad,86.6,Higher Historical Burden,123.8,Rape,100.0,280.6,Improve access to survivor support and reporting services | Strengthen safety measures in public and institutional spaces | Increase awareness of emergency and support mechanisms,Kidnapping_Abduction,97.3,77.7,Strengthen missing-person reporting and response mechanisms | Increase safety awareness in transport and public spaces | Improve community-level monitoring and timely reporting,Cruelty_by_Husband_or_his_Relatives,97.3,107.6,Improve access to domestic-violence support services | Strengthen confidential reporting and legal assistance | Promote early intervention and support networks
Aligarh,82.3,Higher Historical Burden,75.6,Rape,98.7,75.0,Improve access to survivor support and reporting services | Strengthen safety measures in public and institutional spaces | Increase awareness of emergency and support mechanisms,Kidnapping_Abduction,98.7,53.6,Strengthen missing-person reporting and response mechanisms | Increase safety awareness in transport and public spaces | Improve community-level monitoring and timely reporting,Dowry_Deaths,96.0,-2.8,Strengthen awareness and reporting related to dowry violence | Improve access to legal and social support services | Promote early reporting of domestic violence and threats
Meerut,80.5,Higher Historical Burden,54.4,Assault_to_outrage_her_modesty,100.0,219.4,Improve safety measures in public spaces | Strengthen complaint and reporting mechanisms | Increase awareness around harassment and personal safety,Rape,96.0,72.2,Improve access to survivor support and reporting services | Strengthen safety measures in public and institutional spaces | Increase awareness of emergency and support mechanisms,Cruelty_by_Husband_or_his_Relatives,96.0,19.5,Improve access to domestic-violence support services | Strengthen confidential reporting and legal assistance | Promote early intervention and support networks
Agra,79.8,Higher Historical Burden,38.1,Dowry_Deaths,100.0,-1.1,Strengthen awareness and reporting related to dowry violence | Improve access to legal and social support services | Promote early reporting of domestic violence and threats,Kidnapping_Abduction,94.7,36.1,Strengthen missing-person reporting and response mechanisms | Increase safety awareness in transport and public spaces | Improve community-level monitoring and timely reporting,Assault_to_outrage_her_modesty,93.3,109.7,Improve safety measures in public spaces | Strengthen complaint and reporting mechanisms | Increase awareness around harassment and personal safety
Moradabad,79.0,Higher Historical Burden,65.5,Rape,93.3,147.2,Improve access to survivor support and reporting services | Strengthen safety measures in public and institutional spaces | Increase awareness of emergency and support mechanisms,Cruelty_by_Husband_or_his_Relatives,93.3,58.0,Improve access to domestic-violence support services | Strengthen confidential reporting and legal assistance | Promote early intervention and support networks,Insult_to_modesty_of_Women,87.3,-66.7,Strengthen harassment reporting mechanisms | Increase awareness and institutional support | Improve safety and grievance-response systems
Shahjahanpur,79.0,Higher Historical Burden,102.5,Dowry_Deaths,94.7,19.6,Strengthen awareness and reporting related to dowry violence | Improve access to legal and social support services | Promote early reporting of domestic violence and threats,Rape,92.0,207.4,Improve access to survivor support and reporting services | Strengthen safety measures in public and institutional spaces | Increase awareness of emergency and support mechanisms,Insult_to_modesty_of_Women,87.3,,Strengthen harassment reporting mechanisms | Increase awareness and institutional support | Improve safety and grievance-response systems
Lucknow,77.9,Higher Historical Burden,90.0,Cruelty_by_Husband_or_his_Relatives,100.0,101.3,Improve access to domestic-violence support services | Strengthen confidential reporting and legal assistance | Promote early intervention and support networks,Assault_to_outrage_her_modesty,98.7,256.4,Improve safety measures in public spaces | Strengthen complaint and reporting mechanisms | Increase awareness around harassment and personal safety,Kidnapping_Abduction,96.0,21.7,Strengthen missing-person reporting and response mechanisms | Increase safety awareness in transport and public spaces | Improve community-level monitoring and timely reporting
Bareilly,75.4,Higher Historical Burden,43.8,Dowry_Deaths,98.7,21.3,Strengthen awareness and reporting related to dowry violence | Improve access to legal and social support services | Promote early reporting of domestic violence and threats,Kidnapping_Abduction,93.3,26.9,Strengthen missing-person reporting and response mechanisms | Increase safety awareness in transport and public spaces | Improve community-level monitoring and timely reporting,Assault_to_outrage_her_modesty,90.7,125.0,Improve safety measures in public spaces | Strengthen complaint and reporting mechanisms | Increase awareness around harassment and personal safety
Gorakhpur,75.4,Higher Historical Burden,41.6,Rape,94.7,76.9,Improve access to survivor support and reporting services | Strengthen safety measures in public and institutional spaces | Increase awareness of emergency and support mechanisms,Dowry_Deaths,93.3,9.4,Strengthen awareness and reporting related to dowry violence | Improve access to legal and social support services | Promote early reporting of domestic violence and threats,Kidnapping_Abduction,90.7,30.9,Strengthen missing-person reporting and response mechanisms | Increase safety awareness in transport and public spaces | Improve community-level monitoring and timely reporting
Varanasi,74.0,Moderate Historical Burden,99.7,Insult_to_modesty_of_Women,96.7,,Strengthen harassment reporting mechanisms | Increase awareness and institutional support | Improve safety and grievance-response systems,Cruelty_by_Husband_or_his_Relatives,89.3,55.4,Improve access to domestic-violence support services | Strengthen confidential reporting and legal assistance | Promote early intervention and support networks,Assault_to_outrage_her_modesty,82.7,576.9,Improve safety measures in public spaces | Strengthen complaint and reporting mechanisms | Increase awareness around harassment and personal safety
Gautambudh Nagar,72.4,Moderate Historical Burden,76.4,Insult_to_modesty_of_Women,100.0,,Strengthen harassment reporting mechanisms | Increase awareness and institutional support | Improve safety and grievance-response systems,Cruelty_by_Husband_or_his_Relatives,82.7,39.4,Improve access to domestic-violence support services | Strengthen confidential reporting and legal assistance | Promote early intervention and support networks,Assault_to_outrage_her_modesty,76.0,222.0,Improve safety measures in public spaces | Strengthen complaint and reporting mechanisms | Increase awareness around harassment and personal safety
Bulandshahar,71.0,Moderate Historical Burden,-3.5,Rape,90.7,78.3,Improve access to survivor support and reporting services | Strengthen safety measures in public and institutional spaces | Increase awareness of emergency and support mechanisms,Dowry_Deaths,90.0,14.6,Strengthen awareness and reporting related to dowry violence | Improve access to legal and social support services | Promote early reporting of domestic violence and threats,Assault_to_outrage_her_modesty,89.3,279.4,Improve safety measures in public spaces | Strengthen complaint and reporting mechanisms | Increase awareness around harassment and personal safety
Sitapur,70.5,Moderate Historical Burden,26.1,Rape,84.0,51.0,Improve access to survivor support and reporting services | Strengthen safety measures in public and institutional spaces | Increase awareness of emergency and support mechanisms,Kidnapping_Abduction,82.7,-4.5,Strengthen missing-person reporting and response mechanisms | Increase safety awareness in transport and public spaces | Improve community-level monitoring and timely reporting,Dowry_Deaths,78.7,2.2,Strengthen awareness and reporting related to dowry violence | Improve access to legal and social support services | Promote early reporting of domestic violence and threats
Firozabad,69.1,Moderate Historical Burden,68.8,Dowry_Deaths,90.0,10.0,Strengthen awareness and reporting related to dowry violence | Improve access to legal and social support services | Promote early reporting of domestic violence and threats,Kidnapping_Abduction,88.0,64.4,Strengthen missing-person reporting and response mechanisms | Increase safety awareness in transport and public spaces | Improve community-level monitoring and timely reporting,Cruelty_by_Husband_or_his_Relatives,72.0,49.0,Improve access to domestic-violence support services | Strengthen confidential reporting and legal assistance | Promote early intervention and support networks
Unnao,69.0,Moderate Historical Burden,64.2,Assault_to_outrage_her_modesty,88.0,192.6,Improve safety measures in public spaces | Strengthen complaint and reporting mechanisms | Increase awareness around harassment and personal safety,Kidnapping_Abduction,86.7,35.1,Strengthen missing-person reporting and response mechanisms | Increase safety awareness in transport and public spaces | Improve community-level monitoring and timely reporting,Cruelty_by_Husband_or_his_Relatives,84.0,54.6,Improve access to domestic-violence support services | Strengthen confidential reporting and legal assistance | Promote early intervention and support networks
Mathura,68.6,Moderate Historical Burden,29.7,Cruelty_by_Husband_or_his_Relatives,88.0,13.6,Improve access to domestic-violence support services | Strengthen confidential reporting and legal assistance | Promote early intervention and support networks,Rape,82.0,78.0,Improve access to survivor support and reporting services | Strengthen safety measures in public and institutional spaces | Increase awareness of emergency and support mechanisms,Dowry_Deaths,81.3,41.2,Strengthen awareness and reporting related to dowry violence | Improve access to legal and social support services | Promote early reporting of domestic violence and threats
Etah,68.0,Moderate Historical Burden,56.8,Insult_to_modesty_of_Women,94.0,,Strengthen harassment reporting mechanisms | Increase awareness and institutional support | Improve safety and grievance-response systems,Dowry_Deaths,75.3,10.5,Strengthen awareness and reporting related to dowry violence | Improve access to legal and social support services | Promote early reporting of domestic violence and threats,Rape,66.0,145.5,Improve access to survivor support and reporting services | Strengthen safety measures in public and institutional spaces | Increase awareness of emergency and support mechanisms
Saharanpur,66.7,Moderate Historical Burden,155.4,Kidnapping_Abduction,84.0,141.8,Strengthen missing-person reporting and response mechanisms | Increase safety awareness in transport and public spaces | Improve community-level monitoring and timely reporting,Rape,82.0,305.6,Improve access to survivor support and reporting services | Strengthen safety measures in public and institutional spaces | Increase awareness of emergency and support mechanisms,Cruelty_by_Husband_or_his_Relatives,81.3,71.7,Improve access to domestic-violence support services | Strengthen confidential reporting and legal assistance | Promote early intervention and support networks
Khiri,64.2,Moderate Historical Burden,45.1,Dowry_Deaths,83.3,0.0,Strengthen awareness and reporting related to dowry violence | Improve access to legal and social support services | Promote early reporting of domestic violence and threats,Kidnapping_Abduction,81.3,15.4,Strengthen missing-person reporting and response mechanisms | Increase safety awareness in transport and public spaces | Improve community-level monitoring and timely reporting,Cruelty_by_Husband_or_his_Relatives,66.7,136.8,Improve access to domestic-violence support services | Strengthen confidential reporting and legal assistance | Promote early intervention and support networks
Badaun,63.2,Moderate Historical Burden,71.9,Dowry_Deaths,92.0,19.1,Strengthen awareness and reporting related to dowry violence | Improve access to legal and social support services | Promote early reporting of domestic violence and threats,Rape,79.3,195.8,Improve access to survivor support and reporting services | Strengthen safety measures in public and institutional spaces | Increase awareness of emergency and support mechanisms,Assault_to_outrage_her_modesty,74.0,208.3,Improve safety measures in public spaces | Strengthen complaint and reporting mechanisms | Increase awareness around harassment and personal safety
Pratapgarh,60.9,Moderate Historical Burden,107.5,Cruelty_by_Husband_or_his_Relatives,80.0,155.6,Improve access to domestic-violence support services | Strengthen confidential reporting and legal assistance | Promote early intervention and support networks,Assault_to_outrage_her_modesty,78.7,211.3,Improve safety measures in public spaces | Strengthen complaint and reporting mechanisms | Increase awareness around harassment and personal safety,Kidnapping_Abduction,76.0,57.8,Strengthen missing-person reporting and response mechanisms | Increase safety awareness in transport and public spaces | Improve community-level monitoring and timely reporting
Banda,60.6,Moderate Historical Burden,132.6,Assault_to_outrage_her_modesty,85.3,219.0,Improve safety measures in public spaces | Strengthen complaint and reporting mechanisms | Increase awareness around harassment and personal safety,Rape,79.3,222.7,Improve access to survivor support and reporting services | Strengthen safety measures in public and institutional spaces | Increase awareness of emergency and support mechanisms,Dowry_Deaths,71.3,8.3,Strengthen awareness and reporting related to dowry violence | Improve access to legal and social support services | Promote early reporting of domestic violence and threats
Hathras,60.3,Moderate Historical Burden,84.7,Insult_to_modesty_of_Women,87.3,,Strengthen harassment reporting mechanisms | Increase awareness and institutional support | Improve safety and grievance-response systems,Rape,69.3,252.9,Improve access to survivor support and reporting services | Strengthen safety measures in public and institutional spaces | Increase awareness of emergency and support mechanisms,Assault_to_outrage_her_modesty,69.3,210.3,Improve safety measures in public spaces | Strengthen complaint and reporting mechanisms | Increase awareness around harassment and personal safety
Hardoi,59.0,Moderate Historical Burden,34.7,Dowry_Deaths,73.3,-16.7,Strengthen awareness and reporting related to dowry violence | Improve access to legal and social support services | Promote early reporting of domestic violence and threats,Kidnapping_Abduction,72.0,21.8,Strengthen missing-person reporting and response mechanisms | Increase safety awareness in transport and public spaces | Improve community-level monitoring and timely reporting,Cruelty_by_Husband_or_his_Relatives,69.3,60.9,Improve access to domestic-violence support services | Strengthen confidential reporting and legal assistance | Promote early intervention and support networks
Azamgarh,58.5,Moderate Historical Burden,75.2,Cruelty_by_Husband_or_his_Relatives,74.7,56.4,Improve access to domestic-violence support services | Strengthen confidential reporting and legal assistance | Promote early intervention and support networks,Kidnapping_Abduction,64.7,42.6,Strengthen missing-person reporting and response mechanisms | Increase safety awareness in transport and public spaces | Improve community-level monitoring and timely reporting,Dowry_Deaths,62.0,36.0,Strengthen awareness and reporting related to dowry violence | Improve access to legal and social support services | Promote early reporting of domestic violence and threats
Fatehpur,56.7,Moderate Historical Burden,37.3,Dowry_Deaths,77.3,4.9,Strengthen awareness and reporting related to dowry violence | Improve access to legal and social support services | Promote early reporting of domestic violence and threats,Rape,68.0,65.7,Improve access to survivor support and reporting services | Strengthen safety measures in public and institutional spaces | Increase awareness of emergency and support mechanisms,Assault_to_outrage_her_modesty,60.0,55.4,Improve safety measures in public spaces | Strengthen complaint and reporting mechanisms | Increase awareness around harassment and personal safety
Pilibhit,56.2,Moderate Historical Burden,162.3,Cruelty_by_Husband_or_his_Relatives,77.3,126.6,Improve access to domestic-violence support services | Strengthen confidential reporting and legal assistance | Promote early intervention and support networks,Rape,76.7,590.0,Improve access to survivor support and reporting services | Strengthen safety measures in public and institutional spaces | Increase awareness of emergency and support mechanisms,Assault_to_outrage_her_modesty,63.3,613.3,Improve safety measures in public spaces | Strengthen complaint and reporting mechanisms | Increase awareness around harassment and personal safety
Muzaffarnagar,55.9,Moderate Historical Burden,16.8,Kidnapping_Abduction,80.0,9.6,Strengthen missing-person reporting and response mechanisms | Increase safety awareness in transport and public spaces | Improve community-level monitoring and timely reporting,Cruelty_by_Husband_or_his_Relatives,76.0,-25.3,Improve access to domestic-violence support services | Strengthen confidential reporting and legal assistance | Promote early intervention and support networks,Assault_to_outrage_her_modesty,74.0,289.5,Improve safety measures in public spaces | Strengthen complaint and reporting mechanisms | Increase awareness around harassment and personal safety
Bijnor,54.3,Moderate Historical Burden,-12.7,Rape,89.3,86.0,Improve access to survivor support and reporting services | Strengthen safety measures in public and institutional spaces | Increase awareness of emergency and support mechanisms,Assault_to_outrage_her_modesty,81.3,307.0,Improve safety measures in public spaces | Strengthen complaint and reporting mechanisms | Increase awareness around harassment and personal safety,Kidnapping_Abduction,73.3,10.8,Strengthen missing-person reporting and response mechanisms | Increase safety awareness in transport and public spaces | Improve community-level monitoring and timely reporting
Kanpur Dehat,52.1,Moderate Historical Burden,,Cruelty_by_Husband_or_his_Relatives,70.7,114.9,Improve access to domestic-violence support services | Strengthen confidential reporting and legal assistance | Promote early intervention and support networks,Kidnapping_Abduction,68.0,104.1,Strengthen missing-person reporting and response mechanisms | Increase safety awareness in transport and public spaces | Improve community-level monitoring and timely reporting,Dowry_Deaths,64.7,9.4,Strengthen awareness and reporting related to dowry violence | Improve access to legal and social support services | Promote early reporting of domestic violence and threats
Jaunpur,50.7,Moderate Historical Burden,33.2,Dowry_Deaths,80.0,-7.8,Strengthen awareness and reporting related to dowry violence | Improve access to legal and social support services | Promote early reporting of domestic violence and threats,Rape,64.0,233.3,Improve access to survivor support and reporting services | Strengthen safety measures in public and institutional spaces | Increase awareness of emergency and support mechanisms,Kidnapping_Abduction,53.3,12.6,Strengthen missing-person reporting and response mechanisms | Increase safety awareness in transport and public spaces | Improve community-level monitoring and timely reporting
Bahraich,49.8,Lower Historical Burden,64.4,Dowry_Deaths,83.3,34.2,Strengthen awareness and reporting related to dowry violence | Improve access to legal and social support services | Promote early reporting of domestic violence and threats,Kidnapping_Abduction,77.3,60.4,Strengthen missing-person reporting and response mechanisms | Increase safety awareness in transport and public spaces | Improve community-level monitoring and timely reporting,Rape,73.3,151.9,Improve access to survivor support and reporting services | Strengthen safety measures in public and institutional spaces | Increase awareness of emergency and support mechanisms
Sambhal,49.2,Lower Historical Burden,,Rape,60.7,14.3,Improve access to survivor support and reporting services | Strengthen safety measures in public and institutional spaces | Increase awareness of emergency and support mechanisms,Cruelty_by_Husband_or_his_Relatives,57.3,20.5,Improve access to domestic-violence support services | Strengthen confidential reporting and legal assistance | Promote early intervention and support networks,Kidnapping_Abduction,52.0,10.7,Strengthen missing-person reporting and response mechanisms | Increase safety awareness in transport and public spaces | Improve community-level monitoring and timely reporting
Amroha,49.0,Lower Historical Burden,,Cruelty_by_Husband_or_his_Relatives,86.7,31.0,Improve access to domestic-violence support services | Strengthen confidential reporting and legal assistance | Promote early intervention and support networks,Importation_Girls,50.7,,Strengthen child and trafficking protection mechanisms | Improve identification and reporting of vulnerable cases | Increase community awareness and support systems,Assault_to_outrage_her_modesty,48.0,42.1,Improve safety measures in public spaces | Strengthen complaint and reporting mechanisms | Increase awareness around harassment and personal safety
Etawah,48.5,Lower Historical Burden,119.8,Cruelty_by_Husband_or_his_Relatives,56.0,147.6,Improve access to domestic-violence support services | Strengthen confidential reporting and legal assistance | Promote early intervention and support networks,Dowry_Deaths,55.3,19.2,Strengthen awareness and reporting related to dowry violence | Improve access to legal and social support services | Promote early reporting of domestic violence and threats,Kidnapping_Abduction,50.7,90.6,Strengthen missing-person reporting and response mechanisms | Increase safety awareness in transport and public spaces | Improve community-level monitoring and timely reporting
Mainpuri,46.4,Lower Historical Burden,8.9,Dowry_Deaths,68.0,-5.1,Strengthen awareness and reporting related to dowry violence | Improve access to legal and social support services | Promote early reporting of domestic violence and threats,Kidnapping_Abduction,58.0,8.5,Strengthen missing-person reporting and response mechanisms | Increase safety awareness in transport and public spaces | Improve community-level monitoring and timely reporting,Importation_Girls,50.7,,Strengthen child and trafficking protection mechanisms | Improve identification and reporting of vulnerable cases | Increase community awareness and support systems
Jhansi,46.4,Lower Historical Burden,72.8,Dowry_Deaths,60.0,0.0,Strengthen awareness and reporting related to dowry violence | Improve access to legal and social support services | Promote early reporting of domestic violence and threats,Cruelty_by_Husband_or_his_Relatives,60.0,124.5,Improve access to domestic-violence support services | Strengthen confidential reporting and legal assistance | Promote early intervention and support networks,Importation_Girls,50.7,,Strengthen child and trafficking protection mechanisms | Improve identification and reporting of vulnerable cases | Increase community awareness and support systems
Auraiya,45.9,Lower Historical Burden,100.0,Cruelty_by_Husband_or_his_Relatives,73.3,277.5,Improve access to domestic-violence support services | Strengthen confidential reporting and legal assistance | Promote early intervention and support networks,Dowry_Deaths,62.0,88.9,Strengthen awareness and reporting related to dowry violence | Improve access to legal and social support services | Promote early reporting of domestic violence and threats,Importation_Girls,50.7,,Strengthen child and trafficking protection mechanisms | Improve identification and reporting of vulnerable cases | Increase community awareness and support systems
Ballia,45.6,Lower Historical Burden,57.3,Insult_to_modesty_of_Women,94.0,,Strengthen harassment reporting mechanisms | Increase awareness and institutional support | Improve safety and grievance-response systems,Cruelty_by_Husband_or_his_Relatives,52.0,86.3,Improve access to domestic-violence support services | Strengthen confidential reporting and legal assistance | Promote early intervention and support networks,Importation_Girls,50.7,,Strengthen child and trafficking protection mechanisms | Improve identification and reporting of vulnerable cases | Increase community awareness and support systems
Hamirpur,45.2,Lower Historical Burden,70.1,Insult_to_modesty_of_Women,87.3,,Strengthen harassment reporting mechanisms | Increase awareness and institutional support | Improve safety and grievance-response systems,Assault_to_outrage_her_modesty,57.3,162.2,Improve safety measures in public spaces | Strengthen complaint and reporting mechanisms | Increase awareness around harassment and personal safety,Importation_Girls,50.7,,Strengthen child and trafficking protection mechanisms | Improve identification and reporting of vulnerable cases | Increase community awareness and support systems
Sultanpur,44.3,Lower Historical Burden,58.1,Kidnapping_Abduction,61.3,123.8,Strengthen missing-person reporting and response mechanisms | Increase safety awareness in transport and public spaces | Improve community-level monitoring and timely reporting,Rape,56.7,76.9,Improve access to survivor support and reporting services | Strengthen safety measures in public and institutional spaces | Increase awareness of emergency and support mechanisms,Importation_Girls,50.7,,Strengthen child and trafficking protection mechanisms | Improve identification and reporting of vulnerable cases | Increase community awareness and support systems
Kannauj,44.1,Lower Historical Burden,29.7,Assault_to_outrage_her_modesty,58.7,172.2,Improve safety measures in public spaces | Strengthen complaint and reporting mechanisms | Increase awareness around harassment and personal safety,Dowry_Deaths,55.3,14.8,Strengthen awareness and reporting related to dowry violence | Improve access to legal and social support services | Promote early reporting of domestic violence and threats,Importation_Girls,50.7,,Strengthen child and trafficking protection mechanisms | Improve identification and reporting of vulnerable cases | Increase community awareness and support systems
Fatehgarh,43.8,Lower Historical Burden,36.1,Dowry_Deaths,71.3,14.7,Strengthen awareness and reporting related to dowry violence | Improve access to legal and social support services | Promote early reporting of domestic violence and threats,Cruelty_by_Husband_or_his_Relatives,63.3,70.4,Improve access to domestic-violence support services | Strengthen confidential reporting and legal assistance | Promote early intervention and support networks,Kidnapping_Abduction,55.3,34.0,Strengthen missing-person reporting and response mechanisms | Increase safety awareness in transport and public spaces | Improve community-level monitoring and timely reporting
Raibareilly,43.3,Lower Historical Burden,19.1,Rape,60.7,33.3,Improve access to survivor support and reporting services | Strengthen safety measures in public and institutional spaces | Increase awareness of emergency and support mechanisms,Importation_Girls,50.7,,Strengthen child and trafficking protection mechanisms | Improve identification and reporting of vulnerable cases | Increase community awareness and support systems,Dowry_Deaths,44.7,17.4,Strengthen awareness and reporting related to dowry violence | Improve access to legal and social support services | Promote early reporting of domestic violence and threats
Ghazipur,41.4,Lower Historical Burden,72.4,Dowry_Deaths,55.3,-3.1,Strengthen awareness and reporting related to dowry violence | Improve access to legal and social support services | Promote early reporting of domestic violence and threats,Importation_Girls,50.7,,Strengthen child and trafficking protection mechanisms | Improve identification and reporting of vulnerable cases | Increase community awareness and support systems,Insult_to_modesty_of_Women,41.3,,Strengthen harassment reporting mechanisms | Increase awareness and institutional support | Improve safety and grievance-response systems
Kushi Nagar,40.9,Lower Historical Burden,44.6,Kidnapping_Abduction,60.0,44.7,Strengthen missing-person reporting and response mechanisms | Increase safety awareness in transport and public spaces | Improve community-level monitoring and timely reporting,Dowry_Deaths,55.3,10.7,Strengthen awareness and reporting related to dowry violence | Improve access to legal and social support services | Promote early reporting of domestic violence and threats,Importation_Girls,50.7,,Strengthen child and trafficking protection mechanisms | Improve identification and reporting of vulnerable cases | Increase community awareness and support systems
Gonda,40.6,Lower Historical Burden,24.5,Kidnapping_Abduction,55.3,22.3,Strengthen missing-person reporting and response mechanisms | Increase safety awareness in transport and public spaces | Improve community-level monitoring and timely reporting,Rape,50.7,60.9,Improve access to survivor support and reporting services | Strengthen safety measures in public and institutional spaces | Increase awareness of emergency and support mechanisms,Importation_Girls,50.7,,Strengthen child and trafficking protection mechanisms | Improve identification and reporting of vulnerable cases | Increase community awareness and support systems
Baghpat,40.6,Lower Historical Burden,50.7,Assault_to_outrage_her_modesty,56.0,269.2,Improve safety measures in public spaces | Strengthen complaint and reporting mechanisms | Increase awareness around harassment and personal safety,Importation_Girls,50.7,,Strengthen child and trafficking protection mechanisms | Improve identification and reporting of vulnerable cases | Increase community awareness and support systems,Cruelty_by_Husband_or_his_Relatives,49.3,18.4,Improve access to domestic-violence support services | Strengthen confidential reporting and legal assistance | Promote early intervention and support networks
Deoria,40.6,Lower Historical Burden,54.9,Dowry_Deaths,55.3,6.9,Strengthen awareness and reporting related to dowry violence | Improve access to legal and social support services | Promote early reporting of domestic violence and threats,Importation_Girls,50.7,,Strengthen child and trafficking protection mechanisms | Improve identification and reporting of vulnerable cases | Increase community awareness and support systems,Rape,46.0,94.4,Improve access to survivor support and reporting services | Strengthen safety measures in public and institutional spaces | Increase awareness of emergency and support mechanisms
Chandoli,40.0,Lower Historical Burden,172.6,Cruelty_by_Husband_or_his_Relatives,58.7,205.4,Improve access to domestic-violence support services | Strengthen confidential reporting and legal assistance | Promote early intervention and support networks,Assault_to_outrage_her_modesty,52.0,300.0,Improve safety measures in public spaces | Strengthen complaint and reporting mechanisms | Increase awareness around harassment and personal safety,Importation_Girls,50.7,,Strengthen child and trafficking protection mechanisms | Improve identification and reporting of vulnerable cases | Increase community awareness and support systems
Kaushambi,39.9,Lower Historical Burden,108.9,Assault_to_outrage_her_modesty,68.0,287.1,Improve safety measures in public spaces | Strengthen complaint and reporting mechanisms | Increase awareness around harassment and personal safety,Importation_Girls,50.7,,Strengthen child and trafficking protection mechanisms | Improve identification and reporting of vulnerable cases | Increase community awareness and support systems,Cruelty_by_Husband_or_his_Relatives,45.3,87.0,Improve access to domestic-violence support services | Strengthen confidential reporting and legal assistance | Promote early intervention and support networks
Rampur,39.6,Lower Historical Burden,5.9,Cruelty_by_Husband_or_his_Relatives,63.3,-12.3,Improve access to domestic-violence support services | Strengthen confidential reporting and legal assistance | Promote early intervention and support networks,Importation_Girls,50.7,,Strengthen child and trafficking protection mechanisms | Improve identification and reporting of vulnerable cases | Increase community awareness and support systems,Rape,42.7,30.8,Improve access to survivor support and reporting services | Strengthen safety measures in public and institutional spaces | Increase awareness of emergency and support mechanisms
Mau,39.5,Lower Historical Burden,15.2,Insult_to_modesty_of_Women,87.3,,Strengthen harassment reporting mechanisms | Increase awareness and institutional support | Improve safety and grievance-response systems,Importation_Girls,50.7,,Strengthen child and trafficking protection mechanisms | Improve identification and reporting of vulnerable cases | Increase community awareness and support systems,Cruelty_by_Husband_or_his_Relatives,44.0,-12.0,Improve access to domestic-violence support services | Strengthen confidential reporting and legal assistance | Promote early intervention and support networks
Maharajganj,37.3,Lower Historical Burden,37.1,Importation_Girls,50.7,,Strengthen child and trafficking protection mechanisms | Improve identification and reporting of vulnerable cases | Increase community awareness and support systems,Insult_to_modesty_of_Women,41.3,,Strengthen harassment reporting mechanisms | Increase awareness and institutional support | Improve safety and grievance-response systems,Rape,40.7,-5.9,Improve access to survivor support and reporting services | Strengthen safety measures in public and institutional spaces | Increase awareness of emergency and support mechanisms
Hapur,37.3,Lower Historical Burden,,Rape,56.7,31.4,Improve access to survivor support and reporting services | Strengthen safety measures in public and institutional spaces | Increase awareness of emergency and support mechanisms,Importation_Girls,50.7,,Strengthen child and trafficking protection mechanisms | Improve identification and reporting of vulnerable cases | Increase community awareness and support systems,Insult_to_modesty_of_Women,41.3,,Strengthen harassment reporting mechanisms | Increase awareness and institutional support | Improve safety and grievance-response systems
Faizabad,37.1,Lower Historical Burden,21.5,Rape,50.7,27.6,Improve access to survivor support and reporting services | Strengthen safety measures in public and institutional spaces | Increase awareness of emergency and support mechanisms,Assault_to_outrage_her_modesty,50.7,184.4,Improve safety measures in public spaces | Strengthen complaint and reporting mechanisms | Increase awareness around harassment and personal safety,Importation_Girls,50.7,,Strengthen child and trafficking protection mechanisms | Improve identification and reporting of vulnerable cases | Increase community awareness and support systems
Amethi,36.9,Lower Historical Burden,,Importation_Girls,50.7,,Strengthen child and trafficking protection mechanisms | Improve identification and reporting of vulnerable cases | Increase community awareness and support systems,Assault_to_outrage_her_modesty,45.3,-6.0,Improve safety measures in public spaces | Strengthen complaint and reporting mechanisms | Increase awareness around harassment and personal safety,Insult_to_modesty_of_Women,41.3,,Strengthen harassment reporting mechanisms | Increase awareness and institutional support | Improve safety and grievance-response systems
Shamli,36.1,Lower Historical Burden,,Importation_Girls,50.7,,Strengthen child and trafficking protection mechanisms | Improve identification and reporting of vulnerable cases | Increase community awareness and support systems,Cruelty_by_Husband_or_his_Relatives,46.7,67.3,Improve access to domestic-violence support services | Strengthen confidential reporting and legal assistance | Promote early intervention and support networks,Insult_to_modesty_of_Women,41.3,,Strengthen harassment reporting mechanisms | Increase awareness and institutional support | Improve safety and grievance-response systems
Barabanki,33.6,Lower Historical Burden,-37.3,Importation_Girls,50.7,,Strengthen child and trafficking protection mechanisms | Improve identification and reporting of vulnerable cases | Increase community awareness and support systems,Rape,46.0,12.9,Improve access to survivor support and reporting services | Strengthen safety measures in public and institutional spaces | Increase awareness of emergency and support mechanisms,Insult_to_modesty_of_Women,41.3,,Strengthen harassment reporting mechanisms | Increase awareness and institutional support | Improve safety and grievance-response systems
Mahoba,33.2,Lower Historical Burden,14.6,Insult_to_modesty_of_Women,87.3,,Strengthen harassment reporting mechanisms | Increase awareness and institutional support | Improve safety and grievance-response systems,Importation_Girls,50.7,,Strengthen child and trafficking protection mechanisms | Improve identification and reporting of vulnerable cases | Increase community awareness and support systems,Assault_to_outrage_her_modesty,32.0,29.2,Improve safety measures in public spaces | Strengthen complaint and reporting mechanisms | Increase awareness around harassment and personal safety
Kasganj,33.2,Lower Historical Burden,,Importation_Girls,50.7,,Strengthen child and trafficking protection mechanisms | Improve identification and reporting of vulnerable cases | Increase community awareness and support systems,Dowry_Deaths,49.3,20.8,Strengthen awareness and reporting related to dowry violence | Improve access to legal and social support services | Promote early reporting of domestic violence and threats,Insult_to_modesty_of_Women,41.3,,Strengthen harassment reporting mechanisms | Increase awareness and institutional support | Improve safety and grievance-response systems
Jalaun,29.0,Lower Historical Burden,-5.2,Dowry_Deaths,50.7,-25.0,Strengthen awareness and reporting related to dowry violence | Improve access to legal and social support services | Promote early reporting of domestic violence and threats,Importation_Girls,50.7,,Strengthen child and trafficking protection mechanisms | Improve identification and reporting of vulnerable cases | Increase community awareness and support systems,Insult_to_modesty_of_Women,41.3,,Strengthen harassment reporting mechanisms | Increase awareness and institutional support | Improve safety and grievance-response systems
Chitrakoot,27.4,Lower Historical Burden,,Importation_Girls,50.7,,Strengthen child and trafficking protection mechanisms | Improve identification and reporting of vulnerable cases | Increase community awareness and support systems,Insult_to_modesty_of_Women,41.3,,Strengthen harassment reporting mechanisms | Increase awareness and institutional support | Improve safety and grievance-response systems,Dowry_Deaths,29.3,0.0,Strengthen awareness and reporting related to dowry violence | Improve access to legal and social support services | Promote early reporting of domestic violence and threats
Sidharthnagar,26.5,Lower Historical Burden,36.0,Importation_Girls,50.7,,Strengthen child and trafficking protection mechanisms | Improve identification and reporting of vulnerable cases | Increase community awareness and support systems,Insult_to_modesty_of_Women,41.3,,Strengthen harassment reporting mechanisms | Increase awareness and institutional support | Improve safety and grievance-response systems,Cruelty_by_Husband_or_his_Relatives,30.7,31.4,Improve access to domestic-violence support services | Strengthen confidential reporting and legal assistance | Promote early intervention and support networks
Bhadohi,23.6,Lower Historical Burden,,Importation_Girls,50.7,,Strengthen child and trafficking protection mechanisms | Improve identification and reporting of vulnerable cases | Increase community awareness and support systems,Insult_to_modesty_of_Women,41.3,,Strengthen harassment reporting mechanisms | Increase awareness and institutional support | Improve safety and grievance-response systems,Dowry_Deaths,29.3,0.0,Strengthen awareness and reporting related to dowry violence | Improve access to legal and social support services | Promote early reporting of domestic violence and threats
Mirzapur,23.4,Lower Historical Burden,43.9,Importation_Girls,50.7,,Strengthen child and trafficking protection mechanisms | Improve identification and reporting of vulnerable cases | Increase community awareness and support systems,Insult_to_modesty_of_Women,41.3,,Strengthen harassment reporting mechanisms | Increase awareness and institutional support | Improve safety and grievance-response systems,Dowry_Deaths,40.0,8.3,Strengthen awareness and reporting related to dowry violence | Improve access to legal and social support services | Promote early reporting of domestic violence and threats
Lalitpur,23.4,Lower Historical Burden,45.8,Importation_Girls,50.7,,Strengthen child and trafficking protection mechanisms | Improve identification and reporting of vulnerable cases | Increase community awareness and support systems,Insult_to_modesty_of_Women,41.3,,Strengthen harassment reporting mechanisms | Increase awareness and institutional support | Improve safety and grievance-response systems,Rape,30.0,78.6,Improve access to survivor support and reporting services | Strengthen safety measures in public and institutional spaces | Increase awareness of emergency and support mechanisms
Ambedkar Nagar,22.8,Lower Historical Burden,-12.6,Importation_Girls,50.7,,Strengthen child and trafficking protection mechanisms | Improve identification and reporting of vulnerable cases | Increase community awareness and support systems,Insult_to_modesty_of_Women,41.3,,Strengthen harassment reporting mechanisms | Increase awareness and institutional support | Improve safety and grievance-response systems,Cruelty_by_Husband_or_his_Relatives,26.7,-45.3,Improve access to domestic-violence support services | Strengthen confidential reporting and legal assistance | Promote early intervention and support networks
Basti,22.2,Lower Historical Burden,-11.8,Importation_Girls,50.7,,Strengthen child and trafficking protection mechanisms | Improve identification and reporting of vulnerable cases | Increase community awareness and support systems,Insult_to_modesty_of_Women,41.3,,Strengthen harassment reporting mechanisms | Increase awareness and institutional support | Improve safety and grievance-response systems,Cruelty_by_Husband_or_his_Relatives,24.0,-42.0,Improve access to domestic-violence support services | Strengthen confidential reporting and legal assistance | Promote early intervention and support networks
Sonbhadra,21.2,Lower Historical Burden,-15.2,Importation_Girls,50.7,,Strengthen child and trafficking protection mechanisms | Improve identification and reporting of vulnerable cases | Increase community awareness and support systems,Insult_to_modesty_of_Women,41.3,,Strengthen harassment reporting mechanisms | Increase awareness and institutional support | Improve safety and grievance-response systems,Rape,32.7,23.8,Improve access to survivor support and reporting services | Strengthen safety measures in public and institutional spaces | Increase awareness of emergency and support mechanisms
Balrampur,21.1,Lower Historical Burden,34.1,Importation_Girls,50.7,,Strengthen child and trafficking protection mechanisms | Improve identification and reporting of vulnerable cases | Increase community awareness and support systems,Insult_to_modesty_of_Women,41.3,,Strengthen harassment reporting mechanisms | Increase awareness and institutional support | Improve safety and grievance-response systems,Kidnapping_Abduction,18.7,13.2,Strengthen missing-person reporting and response mechanisms | Increase safety awareness in transport and public spaces | Improve community-level monitoring and timely reporting
Sant Kabirnagar,20.3,Lower Historical Burden,4.3,Importation_Girls,50.7,,Strengthen child and trafficking protection mechanisms | Improve identification and reporting of vulnerable cases | Increase community awareness and support systems,Insult_to_modesty_of_Women,41.3,,Strengthen harassment reporting mechanisms | Increase awareness and institutional support | Improve safety and grievance-response systems,Rape,25.3,27.8,Improve access to survivor support and reporting services | Strengthen safety measures in public and institutional spaces | Increase awareness of emergency and support mechanisms
Shrawasti,17.3,Lower Historical Burden,-20.8,Importation_Girls,50.7,,Strengthen child and trafficking protection mechanisms | Improve identification and reporting of vulnerable cases | Increase community awareness and support systems,Insult_to_modesty_of_Women,41.3,,Strengthen harassment reporting mechanisms | Increase awareness and institutional support | Improve safety and grievance-response systems,Assault_to_outrage_her_modesty,13.3,55.0,Improve safety measures in public spaces | Strengthen complaint and reporting mechanisms | Increase awareness around harassment and personal safety
