Year,District,Actual Crime,Predicted Crime
2012,Agra,855,816.0745555555555
2013,Agra,1149,841.1191891534392
2014,Agra,1181,1029.3805555555555
2012,Aligarh,767,813.2147619047619
2013,Aligarh,1273,800.9982063492062
2014,Aligarh,1347,1131.5313888888888
2012,Allahabad,643,748.1716780904279
2013,Allahabad,944,588.8495813888555
2014,Allahabad,1098,849.9213611111111
2012,Ambedkar Nagar,167,238.38615369371317
2013,Ambedkar Nagar,107,213.38376377354533
2014,Ambedkar Nagar,146,135.13853706249054
2014,Amethi,271,359.1470621379545
2014,Amroha,470,297.2452079040383
2012,Auraiya,185,200.57565098891774
2013,Auraiya,220,207.49336596520973
2014,Auraiya,370,245.62047347555927
2012,Azamgarh,274,295.94632170057093
2013,Azamgarh,385,318.6235556303159
2014,Azamgarh,480,410.6293483717094
2012,Badaun,285,382.56916660173096
2013,Badaun,400,290.88203229952273
2014,Badaun,490,426.4942749243767
2012,Baghpat,213,246.78701423773182
2013,Baghpat,271,238.4416941521412
2014,Baghpat,321,272.86180470541086
2012,Bahraich,208,406.6951643006575
2013,Bahraich,262,289.8528871116484
2014,Bahraich,342,349.7389963585718
2012,Ballia,192,208.5860001223785
2013,Ballia,276,218.88102504213757
2014,Ballia,302,370.6370583933263
2012,Balrampur,91,154.3619195259204
2013,Balrampur,127,93.88278574437535
2014,Balrampur,122,200.3667751684124
2012,Banda,215,193.18755784462172
2013,Banda,472,246.87253932179752
2014,Banda,500,517.2570634920635
2012,Barabanki,335,363.3315404556641
2013,Barabanki,280,394.73708439535045
2014,Barabanki,210,286.8505617557996
2012,Bareilly,596,598.921036047286
2013,Bareilly,888,602.4860462962963
2014,Bareilly,857,857.718611111111
2012,Basti,169,90.80957047104066
2013,Basti,212,206.90189012084085
2014,Basti,149,258.2210509034559
2012,Bhim Nagar,235,294.1649343653888
2012,Bijnor,510,560.6946833672104
2013,Bijnor,436,612.7624765512264
2014,Bijnor,445,468.3930396825397
2012,Bulandshahar,627,739.5576027861028
2013,Bulandshahar,765,568.6600709334956
2014,Bulandshahar,605,780.0287857142857
2012,Chandoli,117,101.69428953167198
2013,Chandoli,151,130.6090739284098
2014,Chandoli,319,218.5029202829117
2012,Chitrakoot Dham,138,96.83001705313357
2013,Chitrakoot Dham,101,156.06068913373772
2012,Csm Nagar,238,271.23261450362577
2012,Deoria,164,164.20230884191386
2013,Deoria,340,216.30603628526492
2014,Deoria,254,392.894870435768
2012,Etah,303,200.08546188114425
2013,Etah,389,279.3855664437798
2014,Etah,475,312.4167012658833
2012,Etawah,167,231.62495260948765
2013,Etawah,219,223.2063409991301
2014,Etawah,367,269.04365119314485
2012,Faizabad,219,286.74223870397384
2013,Faizabad,268,300.11507177698076
2014,Faizabad,266,343.8719717770063
2012,Fatehgarh,252,263.21635058928535
2013,Fatehgarh,222,264.2976714389504
2014,Fatehgarh,343,301.0921267902793
2012,Fatehpur,303,288.12055750795184
2013,Fatehpur,360,291.2107880072063
2014,Fatehpur,416,403.2523261855266
2012,Firozabad,378,397.9112131830536
2013,Firozabad,569,422.7625940524828
2014,Firozabad,638,585.3511111111111
2012,Gautambudh Nagar,343,284.7273425908638
2013,Gautambudh Nagar,526,401.865451182392
2014,Gautambudh Nagar,605,600.1856974506973
2012,Ghaziabad,629,740.5806391478892
2013,Ghaziabad,1141,675.9127046976072
2014,Ghaziabad,1408,1256.944166666667
2012,Ghazipur,170,128.10836936386275
2013,Ghazipur,278,194.3089007519834
2014,Ghazipur,293,280.3472676079399
2012,Gonda,208,304.74648531559404
2013,Gonda,271,284.553865200989
2014,Gonda,259,362.0629676834024
2012,Gorakhpur,548,594.4325000134025
2013,Gorakhpur,614,621.2510338976755
2014,Gorakhpur,776,626.2303518518519
2012,Hamirpur,147,137.9755077907546
2013,Hamirpur,255,225.14813242411765
2014,Hamirpur,250,263.63333765533093
2014,Hapur,263,272.67090903032897
2012,Hardoi,352,354.81836811692745
2013,Hardoi,435,405.27772494874085
2014,Hardoi,474,502.8191256243757
2012,Hathras,236,287.60386007808813
2013,Hathras,293,236.98189864396002
2014,Hathras,436,293.2789981125843
2012,J.P.Nagar,224,234.4424894331682
2012,Jalaun,191,206.7936175861397
2013,Jalaun,166,197.63039027262565
2014,Jalaun,181,265.51876126403687
2012,Jaunpur,250,252.6012971277962
2013,Jaunpur,396,317.5027173191452
2014,Jaunpur,333,421.0340655226672
2012,Jhansi,202,281.74624080059095
2013,Jhansi,276,198.13176247686206
2014,Jhansi,349,293.45738542554807
2012,Kannauj,256,292.9541563350756
2013,Kannauj,225,261.0915018916983
2014,Kannauj,332,268.06987654349683
2013,Kanpur Dehat,247,281.94647903584087
2014,Kanpur Dehat,445,270.01358916334385
2012,Kanpur Nagar,819,780.415724867725
2013,Kanpur Nagar,694,790.3637447089947
2014,Kanpur Nagar,1420,737.1853095238095
2012,Kanshiram Nagar,162,209.66206796742145
2014,Kasganj,223,232.88912159244413
2012,Kaushambi,157,201.88896230801745
2013,Kaushambi,280,193.11715399413103
2014,Kaushambi,328,292.3550329029273
2012,Khiri,370,402.76070965603657
2013,Khiri,532,400.4910992201122
2014,Khiri,537,580.612286047286
2012,Kushi Nagar,202,216.79971363923042
2013,Kushi Nagar,319,242.21324119873194
2014,Kushi Nagar,292,362.59332014638085
2012,Lalitpur,83,185.70508558295725
2013,Lalitpur,115,89.27033003580536
2014,Lalitpur,121,156.46714441609177
2012,Lucknow,1034,882.8960317460319
2013,Lucknow,1792,893.8633253968255
2014,Lucknow,1965,1388.13
2012,Maharajganj,186,142.09971402881447
2013,Maharajganj,265,216.99392614728546
2014,Maharajganj,255,357.8183082407679
2012,Mahoba,151,234.8821940550154
2013,Mahoba,178,203.85587563200326
2014,Mahoba,173,196.5057003040806
2012,Mainpuri,303,297.0515465615269
2013,Mainpuri,386,371.75855880127983
2014,Mainpuri,330,397.39190916512183
2012,Mathura,509,541.395703922072
2013,Mathura,524,547.0239023347706
2014,Mathura,660,618.1030638528138
2012,Mau,224,185.72924582846693
2013,Mau,279,194.19896267347914
2014,Mau,258,273.0331957621221
2012,Meerut,888,891.8901031746033
2013,Meerut,919,905.1869563492062
2014,Meerut,1371,853.7249074074073
2012,Mirzapur,66,135.75494737357002
2013,Mirzapur,67,92.68813571107817
2014,Mirzapur,95,81.99942374232661
2012,Moradabad,534,601.589443134351
2013,Moradabad,725,619.5451239442817
2014,Moradabad,884,744.2891402116401
2012,Muzaffarnagar,483,731.4226548821549
2013,Muzaffarnagar,683,743.9332236652237
2014,Muzaffarnagar,564,759.9308425925925
2012,Panchshil Nagar,161,232.99241526962558
2012,Pilibhit,191,216.25602544282145
2013,Pilibhit,348,192.33799661808337
2014,Pilibhit,501,305.16703676270174
2012,Prabuddh Nagar,150,203.21340917598246
2012,Pratapgarh,294,278.9924402115987
2013,Pratapgarh,443,363.05833245238574
2014,Pratapgarh,610,477.51484920634925
2012,Raibareilly,246,203.6408883263825
2013,Raibareilly,308,288.0194495229147
2014,Raibareilly,293,302.2701113046822
2012,Ramabai Nagar,229,280.03481512260095
2012,Rampur,303,330.32583626776415
2013,Rampur,303,279.2544193800854
2014,Rampur,321,278.71609735846556
2012,Saharanpur,267,309.7343242849322
2013,Saharanpur,493,319.3085337865612
2014,Saharanpur,682,632.6471980731686
2014,Sambhal,376,401.71839266871046
2012,Sant Kabirnagar,94,113.03724078634453
2013,Sant Kabirnagar,113,105.88655180900659
2014,Sant Kabirnagar,98,130.293749911
2012,Shahjahanpur,319,366.9956268881984
2013,Shahjahanpur,441,376.06749021477293
2014,Shahjahanpur,646,479.30277886002887
2014,Shamli,273,253.63576796277925
2012,Shrawasti,101,163.0085248461208
2013,Shrawasti,142,171.31683021831645
2014,Shrawasti,80,226.76255959177706
2012,Sidharthnagar,125,147.96968401023588
2013,Sidharthnagar,143,163.20594256098568
2014,Sidharthnagar,170,204.79786182195423
2012,Sitapur,537,588.3159986772487
2013,Sitapur,755,617.0561828726829
2014,Sitapur,677,762.0292222222222
2012,Sonbhadra,105,88.43920147539166
2013,Sonbhadra,96,120.70422684096134
2014,Sonbhadra,89,98.4430973167088
2012,St.Ravidasnagar,48,53.54495065947605
2013,St.Ravidasnagar,75,86.96406216927744
2012,Sultanpur,217,220.02268630904166
2013,Sultanpur,349,224.62861703702413
2014,Sultanpur,343,329.57966175983876
2012,Unnao,481,296.5424244792255
2013,Unnao,567,528.169109126984
2014,Unnao,790,612.0159752284752
2012,Varanasi,344,318.83725454528474
2013,Varanasi,858,311.934872547932
2014,Varanasi,687,868.3511706349205
