district,Year,Rape,Kidnapping_Abduction,Dowry_Deaths,Assault_to_outrage_her_modesty,Insult_to_modesty_of_Women,Cruelty_by_Husband_or_his_Relatives,Importation_Girls,total_crime
Agra,2001,66,132,63,110,114,327,0,812
Aligarh,2001,50,78,44,90,54,258,0,574
Allahabad,2001,42,75,56,85,105,226,0,589
Ambedkar Nagar,2001,19,29,14,15,9,87,0,173
Auraiya,2001,11,25,21,13,7,26,0,103
Azamgarh,2001,11,41,32,14,15,81,0,194
Badaun,2001,47,41,62,51,14,76,0,291
Baghpat,2001,15,17,20,18,12,64,0,146
Bahraich,2001,14,19,19,15,17,62,0,146
Ballia,2001,18,17,19,7,22,35,0,118
Balrampur,2001,8,19,12,23,11,30,0,103
Banda,2001,27,18,21,51,18,50,0,185
Barabanki,2001,41,55,35,37,21,188,0,377
Bareilly,2001,93,98,57,110,40,421,0,819
Basti,2001,18,23,22,28,12,48,0,151
Bijnor,2001,38,59,31,67,38,230,0,463
Bulandshahar,2001,31,64,45,71,219,227,0,657
Chandoli,2001,4,11,16,13,0,22,0,66
Chitrakoot Dham,2001,8,3,8,16,4,2,0,41
Deoria,2001,7,33,27,15,15,44,0,141
Etah,2001,57,59,68,68,24,156,0,432
Etawah,2001,20,22,29,25,26,52,0,174
Faizabad,2001,22,26,17,24,18,49,0,156
Fatehgarh,2001,9,38,22,23,28,93,0,213
Fatehpur,2001,28,27,46,25,15,59,0,200
Firozabad,2001,22,59,48,33,69,89,0,320
Gautambudh Nagar,2001,16,30,17,39,40,54,0,196
Ghaziabad,2001,31,79,33,54,138,140,0,475
Ghazipur,2001,6,19,22,18,29,56,0,150
Gonda,2001,18,21,26,19,13,46,0,143
Gorakhpur,2001,13,52,16,25,36,52,0,194
Hamirpur,2001,14,16,22,32,7,25,0,116
Hardoi,2001,70,60,63,86,21,136,0,436
Hathras,2001,16,26,31,63,26,93,0,255
J.P.Nagar,2001,23,36,14,35,22,98,0,228
Jalaun,2001,6,14,29,40,21,65,0,175
Jaunpur,2001,11,15,43,21,19,85,0,194
Jhansi,2001,18,20,31,32,30,69,0,200
Kannauj,2001,8,19,22,18,7,63,0,137
Kanpur Dehat,2001,21,34,39,45,7,79,0,225
Kanpur Nagar,2001,47,176,64,106,213,356,0,962
Kaushambi,2001,26,23,28,44,9,72,0,202
Khiri,2001,83,90,88,99,24,138,0,522
Kushi Nagar,2001,7,20,18,19,35,14,0,113
Lalitpur,2001,20,5,10,26,9,31,0,101
Lucknow,2001,62,138,47,103,148,337,0,835
Maharajganj,2001,13,13,7,13,37,10,0,93
Mahoba,2001,12,7,11,22,3,4,0,59
Mainpuri,2001,13,31,42,32,3,63,0,184
Mathura,2001,25,33,21,48,50,77,0,254
Mau,2001,17,25,16,33,27,39,0,157
Meerut,2001,28,96,34,59,123,236,0,576
Mirzapur,2001,16,6,23,16,21,39,0,121
Moradabad,2001,44,72,45,79,85,207,0,532
Muzaffarnagar,2001,54,67,24,51,33,265,0,494
Pilibhit,2001,64,47,44,50,20,195,0,420
Pratapgarh,2001,18,35,33,21,9,44,0,160
Raibareilly,2001,58,50,29,57,17,137,0,348
Rampur,2001,22,27,18,11,0,49,0,127
Saharanpur,2001,41,52,21,45,96,196,0,451
Sant Kabirnagar,2001,9,16,7,11,6,26,0,75
Shahjahanpur,2001,55,68,66,61,21,146,0,417
Shrawasti,2001,13,18,4,16,8,18,0,77
Sidharthnagar,2001,12,24,13,20,3,28,0,100
Sitapur,2001,85,47,82,71,35,106,0,426
Sonbhadra,2001,5,6,12,9,4,5,0,41
St.Ravidasnagar,2001,1,7,9,3,3,23,0,46
Sultanpur,2001,29,35,38,34,17,153,0,306
Unnao,2001,53,79,63,100,12,168,0,475
Varanasi,2001,27,35,31,19,90,119,0,321
Agra,2002,41,102,50,86,82,372,0,733
Aligarh,2002,31,69,38,72,21,169,0,400
Allahabad,2002,40,63,63,57,55,147,0,425
Ambedkar Nagar,2002,10,34,16,16,11,30,0,117
Auraiya,2002,10,17,29,20,4,42,0,122
Azamgarh,2002,7,7,23,27,23,72,0,159
Badaun,2002,31,46,44,48,5,63,0,237
Baghpat,2002,15,15,17,14,16,45,0,122
Bahraich,2002,14,17,16,10,8,0,0,65
Ballia,2002,7,14,16,12,45,23,0,117
Balrampur,2002,13,9,5,9,5,11,0,52
Banda,2002,20,6,21,31,9,43,0,130
Barabanki,2002,32,39,27,29,9,171,0,307
Bareilly,2002,65,93,62,70,54,261,0,605
Basti,2002,16,27,24,13,20,31,0,131
Bijnor,2002,26,49,34,34,33,156,0,332
Bulandshahar,2002,33,60,47,70,104,185,0,499
Chandoli,2002,6,6,14,11,8,24,0,69
Chitrakoot Dham,2002,8,2,9,23,2,10,0,54
Deoria,2002,5,18,15,10,10,18,0,76
Etah,2002,37,49,81,43,15,85,0,310
Etawah,2002,12,21,25,32,11,32,0,133
Faizabad,2002,15,17,12,18,24,33,0,119
Fatehgarh,2002,9,25,32,0,0,0,0,66
Fatehpur,2002,12,19,26,18,12,44,0,131
Firozabad,2002,26,51,36,37,46,105,0,301
Gautambudh Nagar,2002,19,29,17,20,30,42,0,157
Ghaziabad,2002,20,69,21,35,108,176,0,429
Ghazipur,2002,4,7,14,12,12,50,0,99
Gonda,2002,11,23,29,20,16,27,0,126
Gorakhpur,2002,27,39,30,28,19,56,0,199
Hamirpur,2002,9,6,17,34,4,28,0,98
Hardoi,2002,39,36,26,54,36,72,0,263
Hathras,2002,25,30,21,41,12,107,0,236
J.P.Nagar,2002,15,27,10,22,10,80,0,164
Jalaun,2002,4,14,22,19,17,22,0,98
Jaunpur,2002,8,15,23,18,10,45,0,119
Jhansi,2002,14,11,14,21,2,42,0,104
Kannauj,2002,6,16,15,10,2,37,0,86
Kanpur Dehat,2002,13,31,37,26,3,73,0,183
Kanpur Nagar,2002,30,126,50,75,123,307,0,711
Kaushambi,2002,28,15,13,25,2,32,0,115
Khiri,2002,41,50,66,45,14,97,0,313
Kushi Nagar,2002,7,15,18,22,35,7,0,104
Lalitpur,2002,10,1,9,14,13,5,0,52
Lucknow,2002,43,147,59,92,105,369,0,815
Maharajganj,2002,13,0,6,15,11,10,0,55
Mahoba,2002,5,0,13,21,5,0,0,44
Mainpuri,2002,9,27,42,17,0,38,0,133
Mathura,2002,16,32,29,40,45,94,0,256
Mau,2002,15,23,6,29,22,41,0,136
Meerut,2002,35,74,26,47,87,212,0,481
Mirzapur,2002,7,11,15,15,8,28,0,84
Moradabad,2002,36,59,35,53,75,174,0,432
Muzaffarnagar,2002,30,60,37,34,30,163,0,354
Pilibhit,2002,41,34,33,19,70,103,0,300
Pratapgarh,2002,18,16,27,18,4,36,0,119
Raibareilly,2002,35,35,26,46,22,110,0,274
Rampur,2002,20,38,11,36,14,106,0,225
Saharanpur,2002,15,55,24,19,42,216,0,371
Sant Kabirnagar,2002,4,0,6,6,3,16,0,35
Shahjahanpur,2002,40,38,49,52,35,83,0,297
Shrawasti,2002,3,5,3,16,19,12,0,58
Sidharthnagar,2002,6,18,6,19,4,11,0,64
Sitapur,2002,73,61,83,65,13,66,0,361
Sonbhadra,2002,5,5,8,8,8,8,0,42
St.Ravidasnagar,2002,0,2,4,1,1,18,0,26
Sultanpur,2002,23,28,20,22,15,66,0,174
Unnao,2002,34,55,57,70,8,118,0,342
Varanasi,2002,16,36,34,23,110,104,0,323
Agra,2003,27,73,55,59,55,183,0,452
Aligarh,2003,24,60,33,27,14,108,0,266
Allahabad,2003,21,19,40,12,27,77,0,196
Ambedkar Nagar,2003,7,15,10,6,7,16,0,61
Auraiya,2003,4,10,16,11,24,13,0,78
Azamgarh,2003,6,23,16,18,39,45,0,147
Badaun,2003,31,40,28,29,89,15,0,232
Baghpat,2003,12,14,10,9,45,23,0,113
Bahraich,2003,5,8,7,8,271,17,0,316
Ballia,2003,2,3,8,8,25,8,0,54
Balrampur,2003,3,4,3,1,45,6,0,62
Banda,2003,10,6,13,15,17,10,0,71
Barabanki,2003,12,19,16,11,50,27,0,135
Bareilly,2003,32,47,37,27,78,84,0,305
Basti,2003,5,11,14,9,161,15,0,215
Bijnor,2003,20,23,24,23,254,50,0,394
Bulandshahar,2003,13,30,25,26,98,105,0,297
Chandoli,2003,3,2,11,5,14,3,0,38
Chitrakoot Dham,2003,10,0,6,7,0,7,0,30
Deoria,2003,3,12,21,7,9,14,0,66
Etah,2003,18,23,38,19,15,37,0,150
Etawah,2003,2,9,16,12,6,18,0,63
Faizabad,2003,10,11,4,6,42,2,0,75
Fatehgarh,2003,7,9,18,9,68,19,0,130
Fatehpur,2003,3,14,24,4,19,15,0,79
Firozabad,2003,12,32,30,33,89,51,0,247
Gautambudh Nagar,2003,10,19,14,13,19,23,0,98
Ghaziabad,2003,15,49,17,18,65,97,0,261
Ghazipur,2003,2,8,11,3,24,24,0,72
Gonda,2003,5,8,16,3,215,4,0,251
Gorakhpur,2003,13,32,18,22,25,36,0,146
Hamirpur,2003,10,4,12,15,5,2,0,48
Hardoi,2003,24,31,18,30,83,37,0,223
Hathras,2003,21,23,10,19,21,74,0,168
J.P.Nagar,2003,6,14,13,4,121,24,0,182
Jalaun,2003,6,8,22,11,13,15,0,75
Jaunpur,2003,4,13,22,6,45,29,0,119
Jhansi,2003,4,8,8,4,209,5,0,238
Kannauj,2003,4,22,16,14,28,29,0,113
Kanpur Dehat,2003,6,20,22,15,118,19,0,200
Kanpur Nagar,2003,24,57,43,40,147,94,0,405
Kaushambi,2003,17,4,16,7,9,5,0,58
Khiri,2003,28,40,35,30,213,60,0,406
Kushi Nagar,2003,5,9,12,11,97,14,0,148
Lalitpur,2003,5,4,5,4,60,3,0,81
Lucknow,2003,38,98,29,63,302,216,0,746
Maharajganj,2003,4,10,4,7,56,2,0,83
Mahoba,2003,2,5,9,13,7,3,0,39
Mainpuri,2003,7,19,31,10,6,13,0,86
Mathura,2003,16,26,18,21,36,65,0,182
Mau,2003,5,10,9,10,69,10,0,113
Meerut,2003,40,55,31,31,165,199,0,521
Mirzapur,2003,6,6,12,6,4,8,0,42
Moradabad,2003,43,43,24,25,158,112,0,405
Muzaffarnagar,2003,32,36,29,23,205,73,0,398
Pilibhit,2003,21,20,13,9,137,0,0,200
Pratapgarh,2003,9,19,24,7,12,38,0,109
Raibareilly,2003,20,25,16,36,102,38,0,237
Rampur,2003,13,21,12,12,7,5,0,70
Saharanpur,2003,17,50,10,17,70,77,0,241
Sant Kabirnagar,2003,0,4,10,5,43,10,0,72
Shahjahanpur,2003,17,60,28,17,63,11,0,196
Shrawasti,2003,3,4,4,2,18,5,0,36
Sidharthnagar,2003,2,7,8,4,7,11,0,39
Sitapur,2003,47,40,50,53,36,37,0,263
Sonbhadra,2003,5,4,11,7,15,6,0,48
St.Ravidasnagar,2003,2,1,5,2,3,9,0,22
Sultanpur,2003,18,19,19,10,81,38,0,185
Unnao,2003,23,19,42,28,195,45,0,352
Varanasi,2003,7,7,21,4,71,33,0,143
Agra,2004,32,106,70,87,89,282,0,666
Aligarh,2004,58,87,36,45,31,228,0,485
Allahabad,2004,23,53,57,24,35,148,0,340
Ambedkar Nagar,2004,10,26,4,6,5,26,0,77
Auraiya,2004,4,21,20,11,2,16,0,74
Azamgarh,2004,16,37,27,23,10,150,0,263
Badaun,2004,35,43,50,47,19,37,0,231
Baghpat,2004,11,18,16,12,22,56,0,135
Bahraich,2004,16,26,16,12,35,24,0,129
Ballia,2004,6,12,11,15,13,33,0,90
Balrampur,2004,5,5,3,8,13,8,0,42
Banda,2004,21,8,27,37,8,17,0,118
Barabanki,2004,25,37,25,27,12,48,0,174
Bareilly,2004,41,84,44,76,73,201,3,522
Basti,2004,7,21,17,12,28,21,0,106
Bijnor,2004,25,29,21,23,47,132,0,277
Bulandshahar,2004,40,69,36,51,114,106,0,416
Chandoli,2004,5,3,10,2,12,18,0,50
Chitrakoot Dham,2004,10,4,8,9,2,5,0,38
Deoria,2004,12,23,16,10,13,31,0,105
Etah,2004,26,26,47,44,7,61,0,211
Etawah,2004,9,25,13,15,10,46,0,118
Faizabad,2004,12,17,14,18,25,24,0,110
Fatehgarh,2004,10,27,21,13,14,35,0,120
Fatehpur,2004,10,16,23,19,19,17,0,104
Firozabad,2004,10,37,48,33,33,89,0,250
Gautambudh Nagar,2004,20,26,14,24,56,39,0,179
Ghaziabad,2004,25,88,35,31,94,142,0,415
Ghazipur,2004,4,8,17,19,15,49,0,112
Gonda,2004,14,21,15,12,63,2,0,127
Gorakhpur,2004,24,37,25,26,43,79,0,234
Hamirpur,2004,12,9,16,23,6,7,0,73
Hardoi,2004,37,50,44,68,76,64,0,339
Hathras,2004,16,26,24,39,21,134,0,260
J.P.Nagar,2004,27,19,6,26,30,66,0,174
Jalaun,2004,7,13,28,17,22,20,0,107
Jaunpur,2004,19,17,29,9,21,63,0,158
Jhansi,2004,16,29,25,21,36,53,0,180
Kannauj,2004,5,17,22,22,10,63,0,139
Kanpur Dehat,2004,13,36,25,45,19,39,0,177
Kanpur Nagar,2004,20,83,46,40,239,202,0,630
Kaushambi,2004,14,8,19,9,9,43,0,102
Khiri,2004,43,64,58,52,105,121,0,443
Kushi Nagar,2004,13,15,21,14,37,17,0,117
Lalitpur,2004,4,3,6,11,23,10,0,57
Lucknow,2004,46,135,48,64,152,272,0,717
Maharajganj,2004,8,11,8,11,31,7,0,76
Mahoba,2004,6,7,5,14,9,3,0,44
Mainpuri,2004,8,36,35,13,3,34,0,129
Mathura,2004,24,24,22,35,42,57,0,204
Mau,2004,3,15,9,11,22,24,0,84
Meerut,2004,33,87,19,52,153,279,0,623
Mirzapur,2004,12,5,20,18,13,26,0,94
Moradabad,2004,57,83,27,66,126,265,0,624
Muzaffarnagar,2004,44,59,23,34,103,73,0,336
Pilibhit,2004,28,39,21,37,52,163,0,340
Pratapgarh,2004,18,30,22,19,5,37,0,131
Raibareilly,2004,42,43,23,54,33,101,0,296
Rampur,2004,22,30,14,23,6,9,0,104
Saharanpur,2004,22,1,19,28,70,173,0,313
Sant Kabirnagar,2004,6,10,4,1,12,15,0,48
Shahjahanpur,2004,31,53,41,49,24,21,0,219
Shrawasti,2004,4,9,6,7,4,0,0,30
Sidharthnagar,2004,10,17,16,13,4,27,0,87
Sitapur,2004,72,83,71,73,34,79,0,412
Sonbhadra,2004,6,12,11,9,14,9,0,61
St.Ravidasnagar,2004,3,1,13,2,5,21,0,45
Sultanpur,2004,18,31,17,21,32,53,0,172
Unnao,2004,45,52,29,37,26,78,0,267
Varanasi,2004,15,20,30,7,53,52,0,177
Agra,2005,29,77,38,80,162,232,0,618
Aligarh,2005,61,84,43,38,43,226,0,495
Allahabad,2005,17,50,40,30,47,117,0,301
Ambedkar Nagar,2005,11,31,13,14,9,42,0,120
Auraiya,2005,9,22,22,15,8,26,0,102
Azamgarh,2005,10,32,27,26,24,156,0,275
Badaun,2005,22,60,32,39,22,47,0,222
Baghpat,2005,13,26,10,15,19,74,0,157
Bahraich,2005,25,39,21,20,38,21,0,164
Ballia,2005,2,4,12,7,5,11,0,41
Balrampur,2005,6,5,4,9,4,7,0,35
Banda,2005,16,10,22,32,5,12,0,97
Barabanki,2005,30,29,21,29,35,59,0,203
Bareilly,2005,48,81,37,89,74,210,0,539
Basti,2005,13,13,7,8,20,22,0,83
Bijnor,2005,22,26,26,26,45,60,0,205
Bulandshahar,2005,33,60,41,62,116,106,0,418
Chandoli,2005,6,3,9,5,50,10,0,83
Chitrakoot Dham,2005,10,0,12,12,0,6,0,40
Deoria,2005,7,17,17,7,5,27,0,80
Etah,2005,16,33,43,34,26,62,0,214
Etawah,2005,12,28,29,20,35,26,0,150
Faizabad,2005,11,33,15,13,29,48,0,149
Fatehgarh,2005,10,20,14,7,15,26,0,92
Fatehpur,2005,7,18,22,11,9,21,0,88
Firozabad,2005,17,44,48,16,42,57,0,224
Gautambudh Nagar,2005,18,42,14,28,43,45,0,190
Ghaziabad,2005,24,79,33,26,92,147,0,401
Ghazipur,2005,2,3,19,7,20,35,0,86
Gonda,2005,12,15,26,14,23,6,0,96
Gorakhpur,2005,24,27,16,22,25,18,0,132
Hamirpur,2005,9,10,6,17,11,10,0,63
Hardoi,2005,31,32,25,51,48,47,0,234
Hathras,2005,12,20,20,34,35,86,0,207
J.P.Nagar,2005,22,14,8,30,40,20,0,134
Jalaun,2005,3,8,21,13,37,17,0,99
Jaunpur,2005,13,21,26,15,32,40,0,147
Jhansi,2005,3,9,13,14,37,38,0,114
Kannauj,2005,5,27,10,20,13,62,0,137
Kanpur Dehat,2005,8,44,26,32,20,53,0,183
Kanpur Nagar,2005,18,90,51,43,227,205,0,634
Kaushambi,2005,9,7,13,11,7,21,0,68
Khiri,2005,45,58,61,55,70,63,0,352
Kushi Nagar,2005,6,16,16,11,32,23,0,104
Lalitpur,2005,1,1,1,4,32,4,0,43
Lucknow,2005,51,136,44,71,204,281,0,787
Maharajganj,2005,9,14,9,14,21,6,0,73
Mahoba,2005,4,1,4,3,12,2,0,26
Mainpuri,2005,5,22,22,8,5,17,0,79
Mathura,2005,18,44,23,31,63,74,0,253
Mau,2005,5,6,10,10,47,29,0,107
Meerut,2005,37,97,34,66,121,303,0,658
Mirzapur,2005,6,7,26,11,11,29,0,90
Moradabad,2005,52,88,38,95,135,209,0,617
Muzaffarnagar,2005,44,52,20,46,113,156,0,431
Pilibhit,2005,24,28,20,23,33,15,0,143
Pratapgarh,2005,15,33,23,17,4,51,0,143
Raibareilly,2005,26,41,18,47,27,167,0,326
Rampur,2005,17,29,13,22,3,4,0,88
Saharanpur,2005,15,25,19,35,74,119,0,287
Sant Kabirnagar,2005,3,16,6,2,15,11,0,53
Shahjahanpur,2005,26,37,25,40,25,22,0,175
Shrawasti,2005,6,13,6,5,7,8,0,45
Sidharthnagar,2005,4,19,12,13,40,13,0,101
Sitapur,2005,51,86,70,72,31,142,0,452
Sonbhadra,2005,8,5,10,6,20,11,0,60
St.Ravidasnagar,2005,1,2,8,3,17,31,0,62
Sultanpur,2005,16,24,14,14,21,38,0,127
Unnao,2005,35,43,40,47,32,72,0,269
Varanasi,2005,8,19,19,8,43,44,0,141
Agra,2006,26,134,63,133,152,351,0,859
Aligarh,2006,49,90,50,43,39,179,0,450
Allahabad,2006,22,64,46,40,46,156,0,374
Ambedkar Nagar,2006,10,42,15,20,14,83,0,184
Auraiya,2006,10,25,22,13,6,22,0,98
Azamgarh,2006,13,20,29,13,24,68,0,167
Badaun,2006,29,42,33,38,11,34,0,187
Baghpat,2006,12,27,12,11,24,60,0,146
Bahraich,2006,21,33,24,25,15,35,0,153
Ballia,2006,10,8,11,8,14,20,0,71
Balrampur,2006,8,11,9,11,3,15,0,57
Banda,2006,15,9,17,20,6,15,0,82
Barabanki,2006,21,49,25,41,48,67,0,251
Bareilly,2006,45,81,31,70,64,196,0,487
Basti,2006,10,15,12,8,21,30,0,96
Bijnor,2006,25,46,18,25,75,105,0,294
Bulandshahar,2006,27,49,33,63,150,102,0,424
Chandoli,2006,3,12,12,5,41,41,0,114
Chitrakoot Dham,2006,13,3,9,9,0,8,0,42
Deoria,2006,5,14,23,8,2,23,0,75
Etah,2006,28,26,46,26,31,55,0,212
Etawah,2006,10,36,30,18,22,30,0,146
Faizabad,2006,14,28,12,18,24,54,0,150
Fatehgarh,2006,9,24,37,10,9,30,0,119
Fatehpur,2006,9,20,27,14,21,18,0,109
Firozabad,2006,16,57,35,29,38,106,0,281
Gautambudh Nagar,2006,26,31,13,35,57,59,0,221
Ghaziabad,2006,29,86,41,26,93,190,0,465
Ghazipur,2006,8,11,22,8,17,33,0,99
Gonda,2006,22,35,28,27,23,7,0,142
Gorakhpur,2006,23,39,16,24,45,70,0,217
Hamirpur,2006,8,5,12,16,7,11,0,59
Hardoi,2006,30,37,35,55,26,53,0,236
Hathras,2006,23,30,22,50,28,64,0,217
J.P.Nagar,2006,21,23,14,22,57,46,0,183
Jalaun,2006,4,20,36,31,18,46,0,155
Jaunpur,2006,18,21,46,26,34,83,0,228
Jhansi,2006,8,6,21,19,45,18,0,117
Kannauj,2006,6,34,19,31,20,41,0,151
Kanpur Dehat,2006,16,25,50,40,18,41,0,190
Kanpur Nagar,2006,27,87,67,64,179,273,0,697
Kaushambi,2006,15,14,17,12,19,26,0,103
Khiri,2006,39,60,60,47,42,35,0,283
Kushi Nagar,2006,9,17,24,15,19,20,0,104
Lalitpur,2006,7,10,9,16,11,35,0,88
Lucknow,2006,51,164,39,100,160,374,0,888
Maharajganj,2006,21,19,12,17,22,13,0,104
Mahoba,2006,3,7,9,3,9,9,0,40
Mainpuri,2006,16,24,35,12,8,28,0,123
Mathura,2006,30,39,25,66,43,126,0,329
Mau,2006,7,23,10,8,38,18,0,104
Meerut,2006,37,85,21,74,91,246,0,554
Mirzapur,2006,14,10,22,11,9,53,0,119
Moradabad,2006,44,83,23,69,142,243,0,604
Muzaffarnagar,2006,31,91,39,46,88,172,0,467
Pilibhit,2006,13,20,16,39,37,45,0,170
Pratapgarh,2006,30,50,30,30,14,108,0,262
Raibareilly,2006,21,35,23,40,28,170,0,317
Rampur,2006,11,37,13,32,4,4,0,101
Saharanpur,2006,15,29,16,42,48,175,0,325
Sant Kabirnagar,2006,4,18,7,7,23,25,0,84
Shahjahanpur,2006,21,37,34,21,25,8,0,146
Shrawasti,2006,6,16,16,12,10,0,0,60
Sidharthnagar,2006,4,28,15,12,58,19,0,136
Sitapur,2006,47,68,58,68,34,83,0,358
Sonbhadra,2006,8,3,10,14,32,9,0,76
St.Ravidasnagar,2006,2,4,9,6,14,19,0,54
Sultanpur,2006,25,26,23,21,23,55,0,173
Unnao,2006,37,40,37,35,26,58,0,233
Varanasi,2006,16,36,23,10,46,90,0,221
Agra,2007,30,149,78,82,107,380,0,826
Aligarh,2007,50,96,70,74,37,237,0,564
Allahabad,2007,26,81,63,40,48,207,0,465
Ambedkar Nagar,2007,15,24,8,10,17,139,0,213
Auraiya,2007,9,26,34,17,10,29,0,125
Azamgarh,2007,11,29,29,15,26,55,0,165
Badaun,2007,11,40,31,29,18,25,0,154
Baghpat,2007,17,27,22,10,22,60,0,158
Bahraich,2007,34,44,28,20,25,37,0,188
Ballia,2007,10,18,13,10,10,11,0,72
Balrampur,2007,10,17,10,12,4,38,0,91
Banda,2007,15,12,16,49,14,14,0,120
Barabanki,2007,25,63,35,28,34,106,0,291
Bareilly,2007,62,95,54,97,99,235,0,642
Basti,2007,10,22,13,8,39,51,0,143
Bijnor,2007,27,48,26,33,75,188,0,397
Bulandshahar,2007,44,93,36,75,120,227,0,595
Chandoli,2007,6,12,22,8,34,63,0,145
Chitrakoot Dham,2007,23,2,7,14,1,13,0,60
Deoria,2007,2,17,25,8,3,25,0,80
Etah,2007,39,66,56,48,22,77,0,308
Etawah,2007,14,54,28,31,37,115,0,279
Faizabad,2007,23,32,17,23,37,54,0,186
Fatehgarh,2007,21,41,24,32,16,79,0,213
Fatehpur,2007,22,38,33,29,21,61,0,204
Firozabad,2007,28,69,56,58,51,155,0,417
Gautambudh Nagar,2007,17,64,14,41,51,73,0,260
Ghaziabad,2007,33,108,37,30,85,204,0,497
Ghazipur,2007,10,10,22,11,23,68,0,144
Gonda,2007,13,33,35,18,9,10,0,118
Gorakhpur,2007,19,51,23,22,76,83,0,274
Hamirpur,2007,8,7,9,16,5,5,0,50
Hardoi,2007,33,38,42,45,26,57,0,241
Hathras,2007,16,50,17,48,26,179,0,336
J.P.Nagar,2007,28,34,12,34,34,85,0,227
Jalaun,2007,8,19,32,42,37,43,0,181
Jaunpur,2007,24,33,47,28,44,71,0,247
Jhansi,2007,10,13,28,38,55,20,0,164
Kannauj,2007,6,26,13,32,9,108,0,194
Kanpur Dehat,2007,13,52,37,51,17,114,0,284
Kanpur Nagar,2007,46,222,59,102,165,673,0,1267
Kaushambi,2007,30,36,35,27,16,72,0,216
Khiri,2007,47,72,57,48,25,67,0,316
Kushi Nagar,2007,9,25,18,17,60,40,0,169
Lalitpur,2007,10,9,14,16,29,28,0,106
Lucknow,2007,82,216,57,98,159,513,0,1125
Maharajganj,2007,23,23,18,18,23,74,0,179
Mahoba,2007,10,11,12,21,14,13,0,81
Mainpuri,2007,11,46,48,32,22,54,0,213
Mathura,2007,36,45,26,62,50,250,0,469
Mau,2007,8,26,14,21,32,35,0,136
Meerut,2007,39,109,38,63,163,405,0,817
Mirzapur,2007,10,4,28,13,11,43,0,109
Moradabad,2007,58,97,34,83,115,212,0,599
Muzaffarnagar,2007,37,100,34,56,72,277,0,576
Pilibhit,2007,23,31,18,38,18,38,0,166
Pratapgarh,2007,16,43,27,32,20,107,0,245
Raibareilly,2007,31,39,31,53,38,142,0,334
Rampur,2007,40,54,18,50,13,10,0,185
Saharanpur,2007,14,34,16,36,77,194,0,371
Sant Kabirnagar,2007,9,20,7,13,16,34,0,99
Shahjahanpur,2007,52,69,56,84,43,13,0,317
Shrawasti,2007,10,9,4,12,5,24,0,64
Sidharthnagar,2007,5,24,9,13,33,45,0,129
Sitapur,2007,67,84,61,69,20,119,0,420
Sonbhadra,2007,16,8,11,21,35,23,0,114
St.Ravidasnagar,2007,1,5,14,9,2,29,0,60
Sultanpur,2007,34,47,21,30,13,57,0,202
Unnao,2007,30,61,52,37,26,61,0,267
Varanasi,2007,20,38,35,20,120,197,0,430
Agra,2008,42,183,77,123,109,479,0,1013
Aligarh,2008,62,124,58,37,74,213,0,568
Allahabad,2008,49,124,68,91,55,259,0,646
Ambedkar Nagar,2008,18,45,13,20,20,133,0,249
Auraiya,2008,11,27,12,7,14,36,0,107
Azamgarh,2008,24,56,35,17,35,86,0,253
Badaun,2008,11,41,32,27,47,25,0,183
Baghpat,2008,19,43,15,16,8,61,0,162
Bahraich,2008,24,62,27,24,22,37,0,196
Ballia,2008,12,27,20,15,12,43,0,129
Balrampur,2008,12,20,5,12,10,13,0,72
Banda,2008,35,26,36,70,19,67,0,253
Barabanki,2008,23,82,47,34,54,110,0,350
Bareilly,2008,46,121,47,110,89,202,0,615
Basti,2008,7,18,15,5,15,24,0,84
Bijnor,2008,30,80,19,52,53,249,0,483
Bulandshahar,2008,28,60,29,51,74,151,0,393
Chandoli,2008,4,9,19,10,19,91,0,152
Chitrakoot Dham,2008,22,5,17,21,0,17,0,82
Deoria,2008,15,13,36,6,17,27,0,114
Etah,2008,20,66,34,41,17,71,0,249
Etawah,2008,19,64,28,43,29,108,0,291
Faizabad,2008,23,56,18,26,43,86,0,252
Fatehgarh,2008,23,41,26,35,56,84,0,265
Fatehpur,2008,16,42,41,32,15,67,0,213
Firozabad,2008,27,78,41,43,77,77,0,343
Gautambudh Nagar,2008,22,49,25,19,53,68,0,236
Ghaziabad,2008,30,138,39,30,83,202,0,522
Ghazipur,2008,6,22,33,17,15,64,0,157
Gonda,2008,27,44,43,39,10,12,0,175
Gorakhpur,2008,46,117,43,30,43,216,0,495
Hamirpur,2008,9,19,13,13,5,10,0,69
Hardoi,2008,42,60,50,67,30,68,0,317
Hathras,2008,17,37,27,43,18,92,0,234
J.P.Nagar,2008,20,34,16,26,37,40,0,173
Jalaun,2008,6,30,37,34,24,47,0,178
Jaunpur,2008,19,41,44,38,39,161,0,342
Jhansi,2008,7,18,26,24,46,11,0,132
Kannauj,2008,11,36,31,27,9,91,0,205
Kanpur Dehat,2008,26,56,31,64,24,185,0,386
Kanpur Nagar,2008,72,227,86,136,578,632,0,1731
Kanshiram Nagar,2008,19,29,30,31,5,31,0,145
Kaushambi,2008,26,42,26,59,12,117,0,282
Khiri,2008,58,91,48,74,29,88,0,388
Kushi Nagar,2008,6,14,14,8,6,24,0,72
Lalitpur,2008,16,9,10,11,14,40,0,100
Lucknow,2008,82,331,62,226,340,778,0,1819
Maharajganj,2008,17,26,14,12,14,37,0,120
Mahoba,2008,12,21,17,24,15,30,0,119
Mainpuri,2008,9,65,38,20,9,40,0,181
Mathura,2008,24,62,31,64,65,222,0,468
Mau,2008,19,44,12,29,44,74,0,222
Meerut,2008,50,123,37,73,165,326,0,774
Mirzapur,2008,19,19,24,16,6,133,0,217
Moradabad,2008,75,163,38,117,114,139,0,646
Muzaffarnagar,2008,40,112,28,39,74,258,0,551
Pilibhit,2008,41,100,35,90,10,359,0,635
Pratapgarh,2008,33,83,32,52,18,155,0,373
Raibareilly,2008,38,51,33,43,44,90,0,299
Rampur,2008,46,83,21,46,17,4,0,217
Saharanpur,2008,8,25,23,23,66,153,0,298
Sant Kabirnagar,2008,9,40,7,5,18,12,0,91
Shahjahanpur,2008,68,94,68,80,25,10,0,345
Shrawasti,2008,6,15,6,13,2,4,0,46
Sidharthnagar,2008,12,30,16,30,20,30,0,138
Sitapur,2008,53,129,77,47,21,110,0,437
Sonbhadra,2008,26,24,20,38,37,30,0,175
St.Ravidasnagar,2008,2,9,11,2,6,16,0,46
Sultanpur,2008,25,49,12,26,19,43,0,174
Unnao,2008,36,69,52,50,26,61,0,294
Varanasi,2008,12,38,36,14,98,183,0,381
Agra,2009,40,185,83,97,85,381,0,871
Aligarh,2009,58,214,54,109,48,294,0,777
Allahabad,2009,38,126,70,59,51,289,0,633
Ambedkar Nagar,2009,19,49,15,9,19,102,0,213
Auraiya,2009,11,35,26,20,16,30,0,138
Azamgarh,2009,17,64,31,26,31,83,0,252
Badaun,2009,29,67,43,28,18,55,0,240
Baghpat,2009,15,45,16,6,20,72,0,174
Bahraich,2009,38,86,32,33,27,72,0,288
Ballia,2009,9,25,31,19,9,53,0,146
Balrampur,2009,8,23,10,11,6,34,0,92
Banda,2009,23,32,24,42,11,44,0,176
Barabanki,2009,19,106,39,34,50,104,0,352
Bareilly,2009,77,153,47,125,96,303,0,801
Basti,2009,12,22,15,3,0,12,0,64
Bijnor,2009,30,75,22,46,44,225,0,442
Bulandshahar,2009,38,81,53,36,24,184,0,416
Chandoli,2009,3,18,13,4,4,88,0,130
Chitrakoot Dham,2009,20,10,9,22,1,12,0,74
Deoria,2009,9,38,30,15,12,32,0,136
Etah,2009,18,45,42,37,13,92,0,247
Etawah,2009,5,62,35,42,39,112,0,295
Faizabad,2009,22,69,18,27,21,38,0,195
Fatehgarh,2009,17,61,23,30,16,61,0,208
Fatehpur,2009,28,44,38,39,13,51,0,213
Firozabad,2009,26,95,47,59,35,130,0,392
Gautambudh Nagar,2009,24,60,22,40,46,103,0,295
Ghaziabad,2009,53,321,66,88,182,556,0,1266
Ghazipur,2009,3,16,29,12,22,63,0,145
Gonda,2009,29,74,42,28,12,3,0,188
Gorakhpur,2009,43,94,50,44,47,255,0,533
Hamirpur,2009,16,18,20,21,9,22,0,106
Hardoi,2009,29,87,45,61,13,73,0,308
Hathras,2009,22,52,23,33,8,146,0,284
J.P.Nagar,2009,26,36,16,21,39,69,0,207
Jalaun,2009,11,27,34,41,15,43,0,171
Jaunpur,2009,18,68,47,30,25,136,0,324
Jhansi,2009,14,36,27,33,35,9,0,154
Kannauj,2009,8,48,25,28,8,85,0,202
Kanpur Dehat,2009,17,82,22,34,16,113,0,284
Kanpur Nagar,2009,40,227,73,109,210,551,0,1210
Kanshiram Nagar,2009,15,30,29,22,5,26,0,127
Kaushambi,2009,15,30,27,49,12,86,0,219
Khiri,2009,37,83,40,59,36,68,0,323
Kushi Nagar,2009,9,18,22,7,5,21,0,82
Lalitpur,2009,13,9,8,19,12,25,0,86
Lucknow,2009,56,306,53,178,256,664,0,1513
Maharajganj,2009,17,28,17,12,13,38,0,125
Mahoba,2009,11,22,17,26,6,15,0,97
Mainpuri,2009,16,64,36,38,20,30,0,204
Mathura,2009,20,59,25,42,42,197,0,385
Mau,2009,15,46,10,22,31,60,0,184
Meerut,2009,46,141,41,47,123,361,0,759
Mirzapur,2009,11,12,19,9,4,178,0,233
Moradabad,2009,69,159,32,63,61,264,0,648
Muzaffarnagar,2009,58,138,27,64,86,340,0,713
Pilibhit,2009,15,56,27,37,15,186,0,336
Pratapgarh,2009,22,73,27,35,12,99,0,268
Raibareilly,2009,30,59,29,46,41,114,0,319
Rampur,2009,51,90,24,48,16,3,0,232
Saharanpur,2009,14,36,35,29,39,139,0,292
Sant Kabirnagar,2009,13,29,9,9,15,2,0,77
Shahjahanpur,2009,43,105,54,53,16,11,0,282
Shrawasti,2009,8,23,9,27,4,28,0,99
Sidharthnagar,2009,9,29,14,23,6,20,0,101
Sitapur,2009,61,144,75,74,47,84,0,485
Sonbhadra,2009,25,25,11,16,20,36,0,133
St.Ravidasnagar,2009,3,5,10,9,7,24,0,58
Sultanpur,2009,16,63,28,35,35,60,0,237
Unnao,2009,48,85,40,61,14,100,0,348
Varanasi,2009,10,35,29,12,72,107,0,265
Agra,2010,26,212,80,91,0,355,0,764
Aligarh,2010,63,237,69,164,0,318,0,851
Allahabad,2010,33,116,84,55,0,177,0,465
Ambedkar Nagar,2010,20,56,18,14,0,98,0,206
Auraiya,2010,11,40,17,19,0,36,0,123
Azamgarh,2010,23,65,23,17,0,70,0,198
Badaun,2010,22,69,48,49,0,41,0,229
Baghpat,2010,14,41,14,13,0,87,0,169
Bahraich,2010,25,127,42,40,1,83,0,318
Ballia,2010,4,28,30,14,0,24,0,100
Balrampur,2010,11,27,5,7,0,16,0,66
Banda,2010,22,34,20,39,0,37,0,152
Barabanki,2010,22,90,20,34,0,97,0,263
Bareilly,2010,44,163,55,97,0,214,0,573
Basti,2010,8,30,14,7,0,17,0,76
Bijnor,2010,40,100,27,56,0,254,0,477
Bulandshahar,2010,24,127,40,60,0,327,0,578
Chandoli,2010,3,12,15,6,0,67,0,103
Chitrakoot Dham,2010,15,13,15,23,0,16,0,82
Csm Nagar,2010,30,75,13,17,0,9,0,144
Deoria,2010,4,18,21,4,0,9,0,56
Etah,2010,11,60,30,45,0,72,0,218
Etawah,2010,4,44,29,19,0,81,0,177
Faizabad,2010,16,69,18,27,0,16,0,146
Fatehgarh,2010,11,55,24,26,0,30,0,146
Fatehpur,2010,33,57,42,53,2,83,0,270
Firozabad,2010,18,78,54,33,0,83,0,266
Gautambudh Nagar,2010,39,77,19,41,0,132,0,308
Ghaziabad,2010,44,285,69,77,0,536,0,1011
Ghazipur,2010,5,15,32,12,0,41,0,105
Gonda,2010,9,67,47,30,0,6,0,159
Gorakhpur,2010,45,199,61,69,0,266,0,640
Hamirpur,2010,6,13,15,25,0,22,0,81
Hardoi,2010,20,73,24,50,0,55,0,222
Hathras,2010,24,60,30,45,0,107,0,266
J.P.Nagar,2010,24,52,21,25,0,69,0,191
Jalaun,2010,5,28,23,28,0,32,0,116
Jaunpur,2010,12,60,39,32,0,57,0,200
Jhansi,2010,9,32,32,43,1,7,0,124
Kannauj,2010,7,43,22,23,0,39,0,134
Kanpur Nagar,2010,42,263,92,118,7,447,0,969
Kanshiram Nagar,2010,10,35,26,23,0,28,0,122
Kaushambi,2010,12,29,22,33,0,59,0,155
Khiri,2010,26,80,37,37,0,33,0,213
Kushi Nagar,2010,11,25,25,13,0,12,0,86
Lalitpur,2010,7,9,8,17,0,17,0,58
Lucknow,2010,75,320,66,155,0,745,0,1361
Maharajganj,2010,16,45,14,11,0,50,0,136
Mahoba,2010,9,15,14,28,0,18,0,84
Mainpuri,2010,15,66,28,37,0,16,0,162
Mathura,2010,24,79,29,49,0,219,0,400
Mau,2010,10,41,17,30,0,49,0,147
Meerut,2010,64,147,43,91,0,344,0,689
Mirzapur,2010,2,3,25,4,0,137,0,171
Moradabad,2010,66,184,41,76,0,268,0,635
Muzaffarnagar,2010,34,174,40,52,0,341,0,641
Pilibhit,2010,16,54,30,25,0,113,0,238
Pratapgarh,2010,23,64,34,25,0,74,0,220
Raibareilly,2010,27,47,20,39,0,63,0,196
Ramabai Nagar,2010,12,80,22,38,0,88,0,240
Rampur,2010,65,96,23,44,0,121,0,349
Saharanpur,2010,11,35,26,20,0,140,0,232
Sant Kabirnagar,2010,24,44,6,17,0,25,0,116
Shahjahanpur,2010,45,85,50,44,0,12,0,236
Shrawasti,2010,14,23,16,19,0,3,0,75
Sidharthnagar,2010,8,38,15,17,0,33,0,111
Sitapur,2010,11,109,45,54,0,111,0,330
Sonbhadra,2010,21,20,20,13,0,16,0,90
St.Ravidasnagar,2010,1,9,11,3,0,8,0,32
Sultanpur,2010,14,49,16,41,0,62,0,182
Unnao,2010,32,76,26,57,0,74,0,265
Varanasi,2010,9,71,26,14,0,166,0,286
Agra,2011,76,328,87,196,0,341,0,1028
Aligarh,2011,66,265,73,194,0,256,0,854
Allahabad,2011,67,190,75,93,1,266,0,692
Ambedkar Nagar,2011,16,74,16,33,0,88,0,227
Auraiya,2011,15,73,25,14,0,26,0,153
Azamgarh,2011,28,101,27,27,0,49,0,232
Badaun,2011,18,115,48,62,0,59,0,302
Baghpat,2011,12,74,17,35,0,106,0,244
Bahraich,2011,57,128,62,49,0,55,0,351
Ballia,2011,7,64,17,21,0,27,0,136
Balrampur,2011,10,50,16,13,0,0,0,89
Banda,2011,26,48,29,56,0,31,0,190
Barabanki,2011,36,142,25,51,0,51,0,305
Bareilly,2011,34,193,63,92,0,155,0,537
Basti,2011,7,28,11,5,0,17,0,68
Bhim Nagar,2011,34,105,29,43,0,61,0,272
Bijnor,2011,39,118,30,14,0,238,0,439
Bulandshahar,2011,47,192,50,94,0,362,0,745
Chandoli,2011,8,19,17,7,0,48,0,99
Chitrakoot Dham,2011,20,22,14,24,0,11,0,91
Csm Nagar,2011,20,96,17,40,0,53,0,226
Deoria,2011,8,53,27,12,0,24,0,124
Etah,2011,19,61,30,25,0,57,0,192
Etawah,2011,13,73,42,28,0,52,0,208
Faizabad,2011,27,114,11,56,0,21,0,229
Fatehgarh,2011,16,83,25,35,0,59,0,218
Fatehpur,2011,40,92,45,55,0,45,0,277
Firozabad,2011,32,144,43,57,0,83,0,359
Gautambudh Nagar,2011,25,95,25,42,0,102,0,289
Ghaziabad,2011,22,219,47,59,0,255,0,602
Ghazipur,2011,11,18,35,16,0,26,0,106
Gonda,2011,34,116,27,29,0,6,0,212
Gorakhpur,2011,50,215,41,71,0,224,0,601
Hamirpur,2011,12,38,15,33,0,20,0,118
Hardoi,2011,24,123,32,55,0,72,0,306
Hathras,2011,35,77,24,42,0,84,0,262
J.P.Nagar,2011,44,50,16,21,0,83,0,214
Jalaun,2011,7,47,40,18,0,22,0,134
Jaunpur,2011,14,90,42,22,0,41,0,209
Jhansi,2011,19,92,28,45,0,52,0,236
Kannauj,2011,14,101,34,49,0,98,0,296
Kanpur Nagar,2011,71,303,69,140,2,284,0,869
Kanshiram Nagar,2011,22,47,22,33,0,21,0,145
Kaushambi,2011,23,40,22,36,0,31,0,152
Khiri,2011,35,132,57,76,0,57,0,357
Kushi Nagar,2011,13,75,35,11,0,31,0,165
Lalitpur,2011,15,30,14,52,0,26,0,137
Lucknow,2011,55,283,48,142,0,511,0,1039
Maharajganj,2011,18,42,26,15,0,12,0,113
Mahoba,2011,16,31,15,41,0,31,0,134
Mainpuri,2011,33,92,34,52,0,52,0,263
Mathura,2011,39,123,36,76,0,226,0,500
Mau,2011,19,60,7,31,0,64,0,181
Meerut,2011,79,271,36,99,0,400,0,885
Mirzapur,2011,3,5,20,3,0,34,0,65
Moradabad,2011,55,174,30,48,0,210,0,517
Muzaffarnagar,2011,19,179,25,37,0,203,0,463
Panchshil Nagar,2011,18,78,15,25,0,72,0,208
Pilibhit,2011,12,62,39,31,0,69,0,213
Prabuddh Nagar,2011,11,52,10,13,0,83,0,169
Pratapgarh,2011,24,85,31,35,0,121,0,296
Raibareilly,2011,29,55,16,36,0,51,0,187
Ramabai Nagar,2011,21,83,29,35,0,65,0,233
Rampur,2011,43,98,26,27,0,86,0,280
Saharanpur,2011,21,82,32,16,0,135,0,286
Sant Kabirnagar,2011,17,48,6,12,0,19,0,102
Shahjahanpur,2011,40,130,47,54,0,28,0,299
Shrawasti,2011,16,36,16,26,0,1,0,95
Sidharthnagar,2011,9,42,17,21,0,29,0,118
Sitapur,2011,66,202,60,131,0,138,0,597
Sonbhadra,2011,19,21,8,21,0,16,0,85
St.Ravidasnagar,2011,2,6,11,3,0,10,0,32
Sultanpur,2011,21,46,14,23,0,58,0,162
Unnao,2011,36,104,30,66,0,85,0,321
Varanasi,2011,11,76,41,17,0,136,0,281
Agra,2012,58,255,88,134,0,320,0,855
Aligarh,2012,64,263,71,101,0,268,0,767
Allahabad,2012,52,202,63,79,0,247,0,643
Ambedkar Nagar,2012,12,61,9,10,0,75,0,167
Auraiya,2012,13,87,18,27,0,40,0,185
Azamgarh,2012,19,101,25,28,0,101,0,274
Badaun,2012,24,101,47,48,0,65,0,285
Baghpat,2012,18,74,19,26,0,76,0,213
Bahraich,2012,27,111,38,28,0,4,0,208
Ballia,2012,12,79,28,22,0,51,0,192
Balrampur,2012,12,53,5,17,0,4,0,91
Banda,2012,22,48,36,58,0,51,0,215
Barabanki,2012,31,120,31,39,0,114,0,335
Bareilly,2012,86,249,61,112,0,88,0,596
Basti,2012,7,55,21,17,0,69,0,169
Bhim Nagar,2012,23,91,27,30,0,64,0,235
Bijnor,2012,43,148,19,43,0,257,0,510
Bulandshahar,2012,46,164,48,63,2,304,0,627
Chandoli,2012,11,32,14,23,0,37,0,117
Chitrakoot Dham,2012,31,27,22,35,0,23,0,138
Csm Nagar,2012,26,92,12,52,0,56,0,238
Deoria,2012,18,67,29,16,0,34,0,164
Etah,2012,22,99,38,62,0,82,0,303
Etawah,2012,9,64,26,26,0,42,0,167
Faizabad,2012,29,133,18,32,0,7,0,219
Fatehgarh,2012,14,94,34,39,0,71,0,252
Fatehpur,2012,35,106,41,65,0,56,0,303
Firozabad,2012,32,149,50,49,0,98,0,378
Gautambudh Nagar,2012,19,115,17,50,0,142,0,343
Ghaziabad,2012,31,220,41,60,0,277,0,629
Ghazipur,2012,9,53,32,16,0,60,0,170
Gonda,2012,23,103,37,40,0,5,0,208
Gorakhpur,2012,52,207,53,56,0,180,0,548
Hamirpur,2012,25,40,17,37,0,28,0,147
Hardoi,2012,30,133,48,54,0,87,0,352
Hathras,2012,17,71,18,39,0,91,0,236
J.P.Nagar,2012,34,58,19,31,0,82,0,224
Jalaun,2012,15,57,40,32,0,47,0,191
Jaunpur,2012,15,111,51,18,0,55,0,250
Jhansi,2012,19,63,33,34,0,53,0,202
Kannauj,2012,12,75,27,36,0,106,0,256
Kanpur Nagar,2012,55,281,56,110,0,317,0,819
Kanshiram Nagar,2012,18,56,26,36,0,26,0,162
Kaushambi,2012,11,49,20,31,0,46,0,157
Khiri,2012,34,169,51,59,0,57,0,370
Kushi Nagar,2012,30,94,28,22,0,28,0,202
Lalitpur,2012,14,22,7,27,0,13,0,83
Lucknow,2012,48,304,32,110,2,538,0,1034
Maharajganj,2012,34,95,20,14,0,23,0,186
Mahoba,2012,16,43,20,48,0,24,0,151
Mainpuri,2012,15,117,39,51,0,81,0,303
Mathura,2012,41,124,34,75,0,235,0,509
Mau,2012,9,81,11,31,0,92,0,224
Meerut,2012,54,231,39,129,0,435,0,888
Mirzapur,2012,4,6,24,3,0,29,0,66
Moradabad,2012,36,140,28,72,3,255,0,534
Muzaffarnagar,2012,27,177,16,38,0,225,0,483
Panchshil Nagar,2012,15,51,17,22,0,56,0,161
Pilibhit,2012,10,62,25,15,0,79,0,191
Prabuddh Nagar,2012,7,62,12,14,0,55,0,150
Pratapgarh,2012,36,109,24,53,0,72,0,294
Raibareilly,2012,36,91,23,46,0,50,0,246
Ramabai Nagar,2012,18,74,28,32,0,77,0,229
Rampur,2012,26,95,12,32,0,138,0,303
Saharanpur,2012,18,91,27,17,1,113,0,267
Sant Kabirnagar,2012,18,49,12,5,0,10,0,94
Shahjahanpur,2012,27,120,51,48,0,73,0,319
Shrawasti,2012,22,40,18,20,0,1,0,101
Sidharthnagar,2012,22,47,8,13,0,35,0,125
Sitapur,2012,49,224,45,94,0,125,0,537
Sonbhadra,2012,21,28,17,18,0,21,0,105
St.Ravidasnagar,2012,4,18,7,6,0,13,0,48
Sultanpur,2012,26,63,15,29,0,84,0,217
Unnao,2012,41,174,44,81,0,141,0,481
Varanasi,2012,21,85,35,26,0,177,0,344
Agra,2013,78,335,98,239,0,399,0,1149
Aligarh,2013,99,346,73,300,0,455,0,1273
Allahabad,2013,102,239,66,215,0,322,0,944
Ambedkar Nagar,2013,15,55,17,16,0,4,0,107
Amethi,2013,38,110,16,83,0,35,0,282
Amroha,2013,23,92,16,57,0,171,0,359
Auraiya,2013,16,70,28,38,0,68,0,220
Azamgarh,2013,39,135,36,20,0,155,0,385
Badaun,2013,54,128,58,102,0,58,0,400
Baghpat,2013,25,72,12,56,0,106,0,271
Bahraich,2013,35,140,42,44,0,1,0,262
Ballia,2013,18,123,24,107,0,4,0,276
Balrampur,2013,23,65,7,24,0,8,0,127
Banda,2013,47,113,32,151,0,129,0,472
Barabanki,2013,39,78,26,39,0,98,0,280
Bareilly,2013,84,291,58,198,0,257,0,888
Basti,2013,24,80,11,53,0,44,0,212
Bijnor,2013,71,149,31,178,1,6,0,436
Bulandshahar,2013,97,255,52,197,2,162,0,765
Chandoli,2013,20,46,16,68,1,0,0,151
Chitrakoot Dham,2013,23,22,14,35,0,7,0,101
Deoria,2013,44,145,37,87,0,27,0,340
Etah,2013,34,101,32,122,1,99,0,389
Etawah,2013,23,74,30,30,0,62,0,219
Faizabad,2013,35,135,11,79,1,7,0,268
Fatehgarh,2013,25,95,34,30,0,38,0,222
Fatehpur,2013,42,112,39,87,0,80,0,360
Firozabad,2013,39,187,66,112,0,165,0,569
Gautambudh Nagar,2013,39,150,31,136,6,164,0,526
Ghaziabad,2013,84,289,44,233,0,491,0,1141
Ghazipur,2013,22,93,27,59,1,76,0,278
Gonda,2013,24,149,32,62,0,4,0,271
Gorakhpur,2013,87,282,39,111,0,95,0,614
Hamirpur,2013,50,68,15,117,5,0,0,255
Hapur,2013,35,71,21,75,0,52,0,254
Hardoi,2013,28,130,24,131,0,122,0,435
Hathras,2013,37,86,21,73,0,76,0,293
Jalaun,2013,7,52,22,52,0,33,0,166
Jaunpur,2013,53,131,60,75,0,77,0,396
Jhansi,2013,40,74,24,72,1,65,0,276
Kannauj,2013,16,84,26,40,0,59,0,225
Kanpur Dehat,2013,29,74,32,45,0,67,0,247
Kanpur Nagar,2013,41,248,56,110,0,239,0,694
Kasganj,2013,17,89,24,43,0,27,0,200
Kaushambi,2013,27,56,22,108,0,67,0,280
Khiri,2013,49,189,57,85,0,152,0,532
Kushi Nagar,2013,33,143,29,66,0,48,0,319
Lalitpur,2013,10,26,11,50,0,18,0,115
Lucknow,2013,76,375,60,360,1,920,0,1792
Maharajganj,2013,28,116,23,40,0,58,0,265
Mahoba,2013,30,45,16,61,0,26,0,178
Mainpuri,2013,20,142,38,92,0,94,0,386
Mathura,2013,59,138,32,99,0,196,0,524
Mau,2013,26,94,11,53,1,94,0,279
Meerut,2013,109,282,42,277,0,209,0,919
Mirzapur,2013,5,8,19,5,0,30,0,67
Moradabad,2013,69,173,27,156,1,299,0,725
Muzaffarnagar,2013,49,214,25,125,0,270,0,683
Pilibhit,2013,30,91,35,67,0,125,0,348
Pratapgarh,2013,66,157,30,151,0,39,0,443
Raibareilly,2013,43,104,23,66,0,72,0,308
Rampur,2013,26,93,19,46,0,119,0,303
Saharanpur,2013,34,137,34,90,0,198,0,493
Sambhal,2013,42,112,30,94,0,88,0,366
Sant Kabirnagar,2013,23,60,5,17,0,8,0,113
Shahjahanpur,2013,36,116,43,104,0,142,0,441
Shamli,2013,34,87,11,66,0,52,0,250
Shrawasti,2013,21,50,18,53,0,0,0,142
Sidharthnagar,2013,17,59,8,26,0,33,0,143
Sitapur,2013,95,256,63,211,0,130,0,755
Sonbhadra,2013,32,17,13,22,0,12,0,96
St.Ravidasnagar,2013,10,18,13,15,0,19,0,75
Sultanpur,2013,29,107,15,87,0,111,0,349
Unnao,2013,41,173,44,119,0,190,0,567
Varanasi,2013,57,208,36,207,3,347,0,858
Agra,2014,77,347,87,281,0,389,0,1181
Aligarh,2014,112,404,69,307,0,455,0,1347
Allahabad,2014,109,268,53,309,4,355,0,1098
Ambedkar Nagar,2014,20,58,11,16,0,41,0,146
Amethi,2014,27,104,15,78,0,47,0,271
Amroha,2014,35,107,23,81,0,224,0,470
Auraiya,2014,21,91,34,73,0,151,0,370
Azamgarh,2014,42,144,34,102,0,158,0,480
Badaun,2014,71,153,56,148,0,62,0,490
Baghpat,2014,35,86,14,96,0,90,0,321
Bahraich,2014,68,178,51,45,0,0,0,342
Ballia,2014,21,89,24,71,2,95,0,302
Balrampur,2014,19,60,13,28,0,2,0,122
Banda,2014,71,109,39,185,0,96,0,500
Barabanki,2014,35,63,25,51,0,36,0,210
Bareilly,2014,76,316,74,252,0,139,0,857
Basti,2014,15,52,15,27,0,40,0,149
Bijnor,2014,80,164,26,175,0,0,0,445
Bulandshahar,2014,82,228,55,239,1,0,0,605
Chandoli,2014,26,68,20,92,0,113,0,319
Chitrakoot,2014,23,34,23,56,0,12,0,148
Deoria,2014,35,114,31,68,0,6,0,254
Etah,2014,54,143,42,114,2,120,0,475
Etawah,2014,30,122,31,80,0,104,0,367
Faizabad,2014,37,117,13,91,0,8,0,266
Fatehgarh,2014,19,126,39,38,0,121,0,343
Fatehpur,2014,58,121,43,101,0,93,0,416
Firozabad,2014,61,245,55,131,0,146,0,638
Gautambudh Nagar,2014,54,150,35,161,7,198,0,605
Ghaziabad,2014,118,391,38,283,3,575,0,1408
Ghazipur,2014,24,102,31,69,0,67,0,293
Gonda,2014,37,126,28,56,0,12,0,259
Gorakhpur,2014,92,271,58,132,0,223,0,776
Hamirpur,2014,29,55,26,97,1,42,0,250
Hapur,2014,46,69,16,62,0,70,0,263
Hardoi,2014,39,162,40,93,0,140,0,474
Hathras,2014,60,127,24,121,1,103,0,436
Jalaun,2014,12,54,30,44,0,41,0,181
Jaunpur,2014,50,125,47,62,0,49,0,333
Jhansi,2014,28,84,33,85,0,119,0,349
Kannauj,2014,22,92,31,98,0,89,0,332
Kanpur Dehat,2014,20,151,35,95,0,144,0,445
Kanpur Nagar,2014,78,413,73,261,1,594,0,1420
Kasganj,2014,19,96,29,58,0,21,0,223
Kaushambi,2014,14,81,27,120,0,86,0,328
Khiri,2014,49,195,51,107,0,135,0,537
Kushi Nagar,2014,22,136,31,53,0,50,0,292
Lalitpur,2014,25,27,12,38,0,19,0,121
Lucknow,2014,68,370,52,392,0,1083,0,1965
Maharajganj,2014,32,100,26,29,0,68,0,255
Mahoba,2014,22,52,14,62,1,22,0,173
Mainpuri,2014,23,127,37,69,0,74,0,330
Mathura,2014,73,158,48,114,0,267,0,660
Mau,2014,25,84,16,51,1,81,0,258
Meerut,2014,93,293,53,412,0,520,0,1371
Mirzapur,2014,19,12,26,10,0,28,0,95
Moradabad,2014,89,166,36,189,1,403,0,884
Muzaffarnagar,2014,37,194,17,148,0,168,0,564
Pilibhit,2014,69,121,25,107,0,179,0,501
Pratapgarh,2014,68,172,21,165,0,184,0,610
Raibareilly,2014,48,111,27,69,0,38,0,293
Rampur,2014,34,94,18,54,0,121,0,321
Saharanpur,2014,73,220,28,167,0,194,0,682
Sambhal,2014,48,124,26,72,0,106,0,376
Sant Kabirnagar,2014,23,39,11,25,0,0,0,98
Shahjahanpur,2014,83,193,61,181,1,127,0,646
Shamli,2014,32,78,18,58,0,87,0,273
Shrawasti,2014,5,35,9,31,0,0,0,80
Sidharthnagar,2014,20,57,20,27,0,46,0,170
Sitapur,2014,74,214,46,163,0,180,0,677
Sonbhadra,2014,26,20,6,24,0,13,0,89
Bhadohi,2014,19,33,23,12,0,41,0,128
Sultanpur,2014,46,141,21,67,0,68,0,343
Unnao,2014,69,235,31,237,0,218,0,790
Varanasi,2014,47,144,42,176,3,275,0,687
